metrics;baseline,enc:gcn_bgrl,pred:inner_mean;baseline,enc:gcn_bgrl,pred:inner;baseline,enc:gcn_bgrl,pred:mlp_mean;baseline,enc:gcn_bgrl,pred:mlp;baseline,enc:gcn_bgrl,pred:ncn_mean;baseline,enc:gcn_bgrl,pred:ncn;grace,enc:gcn_bgrl,pred:inner,random_mean;grace,enc:gcn_bgrl,pred:inner,random;louvain_prob_pred_mean;louvain_prob_pred;grace,enc:gcn_bgrl,pred:inner,sbm_fast+random_mean;grace,enc:gcn_bgrl,pred:inner,sbm_fast+random;grace,enc:gcn_bgrl,pred:inner,sbm_fast_cheat+random_mean;grace,enc:gcn_bgrl,pred:inner,sbm_fast_cheat+random;grace,enc:gcn_bgrl,pred:mlp,random_mean;grace,enc:gcn_bgrl,pred:mlp,random;grace,enc:gcn_bgrl,pred:mlp,sbm_fast+random_mean;grace,enc:gcn_bgrl,pred:mlp,sbm_fast+random;grace,enc:gcn_bgrl,pred:mlp,sbm_fast_cheat+random_mean;grace,enc:gcn_bgrl,pred:mlp,sbm_fast_cheat+random;grace,enc:gcn_bgrl,pred:ncn,random_mean;grace,enc:gcn_bgrl,pred:ncn,random;grace,enc:gcn_bgrl,pred:ncn,sbm_fast+random_mean;grace,enc:gcn_bgrl,pred:ncn,sbm_fast+random;grace,enc:gcn_bgrl,pred:ncn,sbm_fast_cheat+random_mean;grace,enc:gcn_bgrl,pred:ncn,sbm_fast_cheat+random;bgrl,enc:gcn_bgrl,pred:inner,random_mean;bgrl,enc:gcn_bgrl,pred:inner,random;bgrl,enc:gcn_bgrl,pred:inner,sbm_fast+random_mean;bgrl,enc:gcn_bgrl,pred:inner,sbm_fast+random;bgrl,enc:gcn_bgrl,pred:inner,sbm_fast_cheat+random_mean;bgrl,enc:gcn_bgrl,pred:inner,sbm_fast_cheat+random;bgrl,enc:gcn_bgrl,pred:mlp,random_mean;bgrl,enc:gcn_bgrl,pred:mlp,random;bgrl,enc:gcn_bgrl,pred:mlp,sbm_fast+random_mean;bgrl,enc:gcn_bgrl,pred:mlp,sbm_fast+random;bgrl,enc:gcn_bgrl,pred:mlp,sbm_fast_cheat+random_mean;bgrl,enc:gcn_bgrl,pred:mlp,sbm_fast_cheat+random;bgrl,enc:gcn_bgrl,pred:ncn,random_mean;bgrl,enc:gcn_bgrl,pred:ncn,random;bgrl,enc:gcn_bgrl,pred:ncn,sbm_fast+random_mean;bgrl,enc:gcn_bgrl,pred:ncn,sbm_fast+random;bgrl,enc:gcn_bgrl,pred:ncn,sbm_fast_cheat+random_mean;bgrl,enc:gcn_bgrl,pred:ncn,sbm_fast_cheat+random;lgrace,enc:gcn_bgrl,pred:inner,random_mean;lgrace,enc:gcn_bgrl,pred:inner,random;lgrace,enc:gcn_bgrl,pred:inner,sbm_fast+random_mean;lgrace,enc:gcn_bgrl,pred:inner,sbm_fast+random;lgrace,enc:gcn_bgrl,pred:inner,sbm_fast_cheat+random_mean;lgrace,enc:gcn_bgrl,pred:inner,sbm_fast_cheat+random;lgrace,enc:gcn_bgrl,pred:mlp,random_mean;lgrace,enc:gcn_bgrl,pred:mlp,random;lgrace,enc:gcn_bgrl,pred:mlp,sbm_fast+random_mean;lgrace,enc:gcn_bgrl,pred:mlp,sbm_fast+random;lgrace,enc:gcn_bgrl,pred:mlp,sbm_fast_cheat+random_mean;lgrace,enc:gcn_bgrl,pred:mlp,sbm_fast_cheat+random;lgrace,enc:gcn_bgrl,pred:ncn,random_mean;lgrace,enc:gcn_bgrl,pred:ncn,random;lgrace,enc:gcn_bgrl,pred:ncn,sbm_fast+random_mean;lgrace,enc:gcn_bgrl,pred:ncn,sbm_fast+random;lgrace,enc:gcn_bgrl,pred:ncn,sbm_fast_cheat+random_mean;lgrace,enc:gcn_bgrl,pred:ncn,sbm_fast_cheat+random;lbgrl,enc:gcn_bgrl,pred:inner,random_mean;lbgrl,enc:gcn_bgrl,pred:inner,random
Hits@10;56.39$\pm$5.55;"[0.49004739 0.5971564  0.52227488 0.60189573 0.56492891 0.55545024
 0.56303318 0.62843602 0.6492891  0.46635071]";52.67$\pm$2.85;"[0.51753555 0.48436019 0.52606635 0.56018957 0.50236967 0.51469194
 0.5014218  0.54123223 0.58578199 0.53364929]";50.09$\pm$4.99;"[0.43601896 0.48056872 0.53270142 0.56113744 0.41137441 0.52796209
 0.50521327 0.52322275 0.56966825 0.46066351]";29.43$\pm$6.1;"[0.31374408 0.22843602 0.28909953 0.32796209 0.28436019 0.2436019
 0.31184834 0.44265403 0.21516588 0.28625592]";36.09$\pm$2.93;"[0.32132701 0.32037915 0.38199052 0.33838863 0.37251185 0.32890995
 0.38483412 0.38578199 0.4056872  0.36966825]";31.68$\pm$3.75;"[0.30521327 0.33554502 0.2549763  0.38293839 0.28815166 0.31469194
 0.32796209 0.36018957 0.26824645 0.32985782]";43.63$\pm$4.27;"[0.3943128  0.42180095 0.44834123 0.43317536 0.44265403 0.4957346
 0.40094787 0.52796209 0.39146919 0.40663507]";46.58$\pm$6.49;"[0.49763033 0.46445498 0.37819905 0.4985782  0.4436019  0.41137441
 0.39810427 0.59620853 0.54218009 0.42748815]";20.03$\pm$1.59;"[0.1971564  0.17725118 0.22748815 0.21137441 0.1971564  0.18483412
 0.18388626 0.22274882 0.19336493 0.20758294]";40.14$\pm$5.96;"[0.35450237 0.30331754 0.37725118 0.43886256 0.49668246 0.39810427
 0.40758294 0.4957346  0.40189573 0.34028436]";41.97$\pm$5.53;"[0.36303318 0.44170616 0.40758294 0.51469194 0.38104265 0.37251185
 0.32985782 0.47867299 0.4464455  0.46161137]";41.64$\pm$4.14;"[0.47677725 0.40379147 0.36587678 0.41895735 0.44834123 0.41800948
 0.34218009 0.38862559 0.47393365 0.42748815]";44.43$\pm$7.07;"[0.41042654 0.40094787 0.32701422 0.59905213 0.507109   0.46255924
 0.41990521 0.42464455 0.49004739 0.40094787]";33.62$\pm$2.47;"[0.30995261 0.31469194 0.31090047 0.36777251 0.34597156 0.34881517
 0.2985782  0.33554502 0.36303318 0.36682464]";25.52$\pm$2.46;"[0.23791469 0.24454976 0.23886256 0.30331754 0.23696682 0.26350711
 0.27582938 0.26729858 0.21232227 0.27109005]";35.44$\pm$5.54;"[0.34691943 0.32796209 0.32227488 0.36682464 0.33175355 0.38862559
 0.40853081 0.46445498 0.24549763 0.34123223]";45.35$\pm$3.91;"[0.47772512 0.41421801 0.42274882 0.47298578 0.39336493 0.49004739
 0.41042654 0.4464455  0.50236967 0.5042654 ]";44.59$\pm$3.39;"[0.41042654 0.44739336 0.48436019 0.40758294 0.42843602 0.43601896
 0.42654028 0.46635071 0.42938389 0.52227488]";42.34$\pm$4.97;"[0.43696682 0.43127962 0.50331754 0.3535545  0.38767773 0.43412322
 0.40853081 0.42938389 0.34881517 0.50047393]";49.24$\pm$2.93;"[0.46540284 0.48056872 0.47203791 0.507109   0.44549763 0.53175355
 0.47962085 0.48625592 0.5450237  0.51090047]";46.86$\pm$3.92;"[0.41421801 0.42938389 0.49194313 0.46066351 0.49952607 0.47677725
 0.41611374 0.5478673  0.48246445 0.46729858]";53.82$\pm$4.73;"[0.49478673 0.50805687 0.52890995 0.57535545 0.56682464 0.61895735
 0.51374408 0.49952607 0.60379147 0.47203791]";50.71$\pm$4.2;"[0.53933649 0.507109   0.49478673 0.55545024 0.48815166 0.43981043
 0.49952607 0.59241706 0.48436019 0.47014218]";40.39$\pm$4.92;"[0.35450237 0.40947867 0.4        0.42369668 0.39241706 0.41800948
 0.3943128  0.51279621 0.31090047 0.42274882]";39.61$\pm$5.05;"[0.32606635 0.37156398 0.37535545 0.46066351 0.49004739 0.41137441
 0.40947867 0.42654028 0.34028436 0.34976303]";52.24$\pm$4.06;"[0.48341232 0.54976303 0.53459716 0.51753555 0.50900474 0.54691943
 0.42559242 0.52511848 0.57345972 0.55829384]";52.63$\pm$4.22;"[0.4957346  0.55165877 0.56777251 0.5971564  0.47014218 0.53364929
 0.46445498 0.52606635 0.492891   0.56303318]";45.81$\pm$3.76;"[0.52037915 0.46445498 0.45687204 0.48909953 0.42085308 0.42843602
 0.42748815 0.40947867 0.51753555 0.4464455 ]";28.68$\pm$10.74;"[0.36113744 0.21895735 0.24265403 0.35924171 0.14691943 0.24834123
 0.2549763  0.52417062 0.34976303 0.16208531]";50.44$\pm$2.7;"[0.45308057 0.54407583 0.46919431 0.49383886 0.49099526 0.51469194
 0.50047393 0.52417062 0.53175355 0.52132701]";20.98$\pm$3.96;"[0.20758294 0.16777251 0.23222749 0.21421801 0.16872038 0.18672986
 0.23981043 0.29099526 0.23507109 0.15450237]";33.03$\pm$4.45;"[0.32417062 0.27867299 0.2957346  0.41232227 0.31184834 0.3042654
 0.3042654  0.41611374 0.33554502 0.32037915]"
Hits@20;66.15$\pm$2.83;"[0.61232227 0.66729858 0.69194313 0.68530806 0.63791469 0.67298578
 0.63981043 0.68815166 0.692891   0.62654028]";59.73$\pm$2.31;"[0.60094787 0.54976303 0.61516588 0.61800948 0.59905213 0.56777251
 0.57725118 0.61042654 0.62369668 0.61042654]";58.63$\pm$2.42;"[0.54881517 0.58672986 0.59052133 0.62369668 0.56492891 0.58293839
 0.57819905 0.58009479 0.63412322 0.57251185]";39.36$\pm$5.13;"[0.39810427 0.33175355 0.38862559 0.43696682 0.37061611 0.37345972
 0.39052133 0.52417062 0.34597156 0.37535545]";52.83$\pm$1.21;"[0.53649289 0.53744076 0.54597156 0.54597156 0.51943128 0.50900474
 0.51943128 0.53080569 0.51848341 0.52037915]";43.01$\pm$2.83;"[0.41800948 0.45876777 0.41611374 0.48056872 0.40094787 0.43127962
 0.39241706 0.45023697 0.39810427 0.4549763 ]";55.06$\pm$2.81;"[0.51184834 0.54123223 0.54218009 0.54691943 0.57156398 0.5507109
 0.51753555 0.61800948 0.56113744 0.5450237 ]";59.18$\pm$3.88;"[0.59146919 0.6        0.6056872  0.62180095 0.53838863 0.53554502
 0.56398104 0.66161137 0.63222749 0.56682464]";28.74$\pm$2.56;"[0.2492891  0.29004739 0.31374408 0.30331754 0.24170616 0.32037915
 0.28909953 0.31184834 0.28625592 0.26824645]";58.23$\pm$6.54;"[0.49952607 0.48151659 0.61421801 0.62274882 0.59052133 0.64454976
 0.61421801 0.67393365 0.5971564  0.48436019]";57.04$\pm$3.94;"[0.49952607 0.56018957 0.58767773 0.60379147 0.56966825 0.57345972
 0.51090047 0.6436019  0.57725118 0.57819905]";51.16$\pm$2.98;"[0.51848341 0.49004739 0.49099526 0.50900474 0.50805687 0.48436019
 0.46540284 0.54028436 0.57061611 0.53838863]";60.25$\pm$5.9;"[0.58199052 0.52132701 0.53649289 0.70236967 0.66919431 0.63412322
 0.57914692 0.66540284 0.58957346 0.5450237 ]";45.51$\pm$3.42;"[0.43981043 0.42748815 0.41516588 0.46919431 0.44739336 0.42180095
 0.45781991 0.53838863 0.45023697 0.48341232]";35.78$\pm$4.21;"[0.29099526 0.4        0.37345972 0.36492891 0.36777251 0.41421801
 0.34123223 0.4028436  0.28625592 0.33649289]";50.14$\pm$4.53;"[0.42180095 0.47962085 0.53459716 0.55260664 0.51563981 0.55545024
 0.48625592 0.5535545  0.4549763  0.45971564]";56.45$\pm$4.22;"[0.54407583 0.53554502 0.61800948 0.57630332 0.53838863 0.55165877
 0.47867299 0.58104265 0.63127962 0.58957346]";56.97$\pm$1.96;"[0.57535545 0.57440758 0.59526066 0.55165877 0.52037915 0.56587678
 0.57819905 0.58483412 0.57535545 0.57535545]";52.9$\pm$3.72;"[0.54407583 0.52227488 0.61137441 0.50521327 0.47867299 0.5478673
 0.54407583 0.53933649 0.47488152 0.52227488]";62.74$\pm$1.77;"[0.5971564  0.63317536 0.61895735 0.64265403 0.61137441 0.61137441
 0.65023697 0.62274882 0.65592417 0.63033175]";56.65$\pm$3.79;"[0.52796209 0.50236967 0.62654028 0.58199052 0.57345972 0.55829384
 0.53175355 0.61706161 0.59526066 0.5507109 ]";66.53$\pm$3.53;"[0.61516588 0.61990521 0.63981043 0.71753555 0.68815166 0.70805687
 0.66066351 0.68815166 0.68530806 0.63033175]";63.78$\pm$3.17;"[0.61990521 0.64549763 0.64739336 0.66919431 0.62559242 0.6028436
 0.58957346 0.67772512 0.61137441 0.68909953]";54.23$\pm$3.18;"[0.51848341 0.56018957 0.54123223 0.56872038 0.53364929 0.52322275
 0.50995261 0.59052133 0.49004739 0.58672986]";50.64$\pm$4.58;"[0.43981043 0.507109   0.48151659 0.54123223 0.58199052 0.4985782
 0.44739336 0.53649289 0.46824645 0.56208531]";60.98$\pm$2.07;"[0.57630332 0.59620853 0.63696682 0.62559242 0.58767773 0.61421801
 0.60094787 0.5943128  0.64075829 0.62464455]";63.18$\pm$3.16;"[0.6464455  0.64454976 0.66066351 0.67962085 0.56303318 0.64454976
 0.59810427 0.63317536 0.63696682 0.61137441]";55.2$\pm$3.63;"[0.57440758 0.5563981  0.53080569 0.61706161 0.52985782 0.56303318
 0.49099526 0.50521327 0.56398104 0.58862559]";50.64$\pm$7.83;"[0.53744076 0.52417062 0.55545024 0.56492891 0.36777251 0.42843602
 0.38767773 0.61800948 0.53270142 0.5478673 ]";59.59$\pm$1.83;"[0.59620853 0.63222749 0.6028436  0.59620853 0.56492891 0.59905213
 0.60189573 0.56587678 0.59620853 0.60379147]";34.64$\pm$8.26;"[0.28151659 0.292891   0.37061611 0.37061611 0.28720379 0.29478673
 0.34881517 0.56113744 0.38767773 0.26919431]";45.05$\pm$3.88;"[0.43507109 0.43317536 0.4549763  0.48815166 0.39052133 0.42748815
 0.41611374 0.53554502 0.47298578 0.45118483]"
Hits@50;77.59$\pm$1.41;"[0.75260664 0.77725118 0.78293839 0.77725118 0.78578199 0.76872038
 0.77156398 0.8028436  0.78483412 0.75545024]";67.73$\pm$1.34;"[0.67962085 0.6464455  0.68246445 0.68530806 0.67772512 0.66066351
 0.67488152 0.68246445 0.69478673 0.68909953]";69.4$\pm$2.0;"[0.68246445 0.65971564 0.72132701 0.70900474 0.70805687 0.67393365
 0.70236967 0.67014218 0.71563981 0.69763033]";57.42$\pm$2.89;"[0.5563981  0.53933649 0.59146919 0.56966825 0.56492891 0.56492891
 0.55924171 0.65118483 0.56303318 0.58199052]";58.84$\pm$1.03;"[0.58578199 0.59526066 0.58388626 0.5943128  0.60663507 0.58009479
 0.57914692 0.58767773 0.57061611 0.60094787]";60.13$\pm$2.85;"[0.56113744 0.61800948 0.6056872  0.6436019  0.58957346 0.61516588
 0.57440758 0.62843602 0.55450237 0.62274882]";72.6$\pm$2.61;"[0.71943128 0.71184834 0.78104265 0.73080569 0.68625592 0.71563981
 0.73175355 0.76018957 0.72132701 0.7014218 ]";74.09$\pm$2.0;"[0.73459716 0.75260664 0.73270142 0.75734597 0.73364929 0.692891
 0.7450237  0.76777251 0.73270142 0.75924171]";44.61$\pm$3.34;"[0.43222749 0.46066351 0.46729858 0.46540284 0.36113744 0.45118483
 0.44075829 0.48530806 0.47203791 0.42464455]";79.83$\pm$2.69;"[0.78293839 0.76966825 0.85118483 0.80379147 0.80473934 0.7971564
 0.78104265 0.83033175 0.80758294 0.75450237]";74.67$\pm$2.49;"[0.71563981 0.75450237 0.75924171 0.76872038 0.74407583 0.73080569
 0.71848341 0.80379147 0.73364929 0.73838863]";62.59$\pm$1.78;"[0.63033175 0.61706161 0.61706161 0.62748815 0.62843602 0.58767773
 0.61516588 0.63127962 0.65118483 0.65308057]";83.42$\pm$2.8;"[0.83601896 0.77914692 0.85876777 0.86635071 0.82559242 0.86161137
 0.82654028 0.86255924 0.82938389 0.79620853]";61.47$\pm$1.45;"[0.59052133 0.61516588 0.61800948 0.60663507 0.60189573 0.61516588
 0.61042654 0.6492891  0.61706161 0.62274882]";53.84$\pm$3.77;"[0.50995261 0.56777251 0.56018957 0.52227488 0.52606635 0.58578199
 0.50900474 0.58957346 0.46255924 0.5507109 ]";68.22$\pm$2.69;"[0.63412322 0.67014218 0.72511848 0.71658768 0.68056872 0.70805687
 0.65592417 0.69099526 0.67109005 0.66919431]";72.27$\pm$2.06;"[0.7014218  0.71374408 0.75260664 0.73175355 0.71469194 0.70236967
 0.70047393 0.71279621 0.76113744 0.73649289]";70.16$\pm$1.3;"[0.70331754 0.70331754 0.72701422 0.7014218  0.70521327 0.67109005
 0.70521327 0.707109   0.69763033 0.69478673]";66.12$\pm$2.96;"[0.66255924 0.69668246 0.71943128 0.64454976 0.66445498 0.65687204
 0.67488152 0.65308057 0.62748815 0.61232227]";75.9$\pm$1.12;"[0.7478673  0.74312796 0.76018957 0.76208531 0.75545024 0.7535545
 0.76872038 0.74881517 0.78293839 0.76682464]";71.44$\pm$1.69;"[0.69952607 0.71848341 0.72322275 0.72037915 0.70616114 0.71469194
 0.69952607 0.74691943 0.73080569 0.68436019]";84.68$\pm$2.34;"[0.83601896 0.82464455 0.87393365 0.87488152 0.83886256 0.84265403
 0.83127962 0.87203791 0.87014218 0.80379147]";77.16$\pm$2.28;"[0.7507109  0.78767773 0.79810427 0.79810427 0.75450237 0.75829384
 0.7507109  0.80853081 0.74312796 0.76587678]";71.3$\pm$3.19;"[0.71753555 0.74312796 0.71184834 0.70331754 0.68720379 0.707109
 0.69383886 0.77725118 0.65402844 0.73459716]";66.97$\pm$2.62;"[0.60947867 0.68625592 0.69478673 0.692891   0.7014218  0.66445498
 0.66161137 0.66729858 0.6436019  0.67488152]";72.81$\pm$1.59;"[0.70900474 0.70995261 0.73554502 0.75545024 0.70805687 0.73838863
 0.73838863 0.74123223 0.73175355 0.71279621]";75.83$\pm$1.57;"[0.75450237 0.75734597 0.77345972 0.77440758 0.75545024 0.73649289
 0.74597156 0.78957346 0.75545024 0.74028436]";66.14$\pm$3.31;"[0.68341232 0.67014218 0.6436019  0.70331754 0.66824645 0.6521327
 0.57535545 0.65592417 0.67962085 0.68246445]";73.57$\pm$2.05;"[0.70331754 0.73649289 0.76587678 0.74218009 0.74123223 0.74407583
 0.71279621 0.76966825 0.72037915 0.72132701]";70.04$\pm$1.17;"[0.69194313 0.72606635 0.71563981 0.7014218  0.6957346  0.7042654
 0.69004739 0.68530806 0.6957346  0.69763033]";77.26$\pm$4.23;"[0.71753555 0.74218009 0.80189573 0.80758294 0.76303318 0.80853081
 0.74691943 0.83507109 0.80189573 0.7014218 ]";63.84$\pm$3.71;"[0.61800948 0.63222749 0.65402844 0.62369668 0.56777251 0.66066351
 0.59526066 0.6985782  0.67772512 0.65592417]"
Hits@100;85.72$\pm$1.15;"[0.83886256 0.85402844 0.86729858 0.85308057 0.85023697 0.85023697
 0.86729858 0.88246445 0.85592417 0.8521327 ]";74.33$\pm$1.39;"[0.74407583 0.71658768 0.76682464 0.7507109  0.73554502 0.72701422
 0.74881517 0.73649289 0.7535545  0.7535545 ]";78.45$\pm$1.8;"[0.7971564  0.76208531 0.82180095 0.78578199 0.78957346 0.75450237
 0.78957346 0.78104265 0.79241706 0.77156398]";72.93$\pm$2.24;"[0.72606635 0.70331754 0.75545024 0.72985782 0.73270142 0.69194313
 0.71279621 0.76398104 0.75545024 0.72132701]";77.52$\pm$0.59;"[0.77690136 0.77236899 0.77667528 0.7731794  0.78288448 0.77681094
 0.76733586 0.7768334  0.7644235  0.78474068]";72.93$\pm$3.05;"[0.67109005 0.76966825 0.72322275 0.76966825 0.72417062 0.73080569
 0.69383886 0.75734597 0.70995261 0.74312796]";82.85$\pm$2.18;"[0.79146919 0.83791469 0.86919431 0.84454976 0.81611374 0.84075829
 0.81800948 0.8436019  0.8028436  0.82085308]";82.88$\pm$1.1;"[0.82274882 0.84549763 0.83033175 0.82938389 0.83222749 0.80379147
 0.83507109 0.83791469 0.83317536 0.81800948]";58.3$\pm$3.1;"[0.56398104 0.6056872  0.59336493 0.5943128  0.50521327 0.55734597
 0.59336493 0.60094787 0.61421801 0.60189573]";90.56$\pm$1.16;"[0.91184834 0.8957346  0.93175355 0.89383886 0.90331754 0.90900474
 0.88909953 0.91374408 0.907109   0.90047393]";85.03$\pm$1.25;"[0.83412322 0.83981043 0.85876777 0.87488152 0.85402844 0.83696682
 0.8436019  0.86445498 0.84265403 0.85402844]";72.03$\pm$2.5;"[0.71658768 0.70047393 0.6957346  0.70047393 0.74407583 0.68530806
 0.71469194 0.72985782 0.74976303 0.76587678]";92.42$\pm$0.78;"[0.94312796 0.91753555 0.92985782 0.92227488 0.92985782 0.92511848
 0.91753555 0.92037915 0.91658768 0.91943128]";73.74$\pm$1.92;"[0.70331754 0.73744076 0.75545024 0.73554502 0.72890995 0.71753555
 0.72701422 0.77440758 0.74218009 0.75260664]";68.06$\pm$2.47;"[0.67582938 0.70521327 0.71374408 0.67867299 0.63886256 0.69763033
 0.65971564 0.7042654  0.64454976 0.68720379]";80.93$\pm$1.45;"[0.78199052 0.82654028 0.82274882 0.82085308 0.80758294 0.81800948
 0.79526066 0.82369668 0.80094787 0.79526066]";81.53$\pm$1.53;"[0.7943128  0.8056872  0.83222749 0.83127962 0.81516588 0.8028436
 0.79526066 0.80947867 0.83696682 0.82938389]";79.27$\pm$2.09;"[0.78483412 0.7943128  0.8464455  0.8        0.79810427 0.76208531
 0.77725118 0.78104265 0.79241706 0.79052133]";75.98$\pm$1.59;"[0.73933649 0.78009479 0.78862559 0.76113744 0.75734597 0.76872038
 0.7507109  0.76777251 0.73933649 0.7450237 ]";85.18$\pm$0.79;"[0.86919431 0.85118483 0.8492891  0.85592417 0.83981043 0.85402844
 0.84454976 0.85308057 0.85687204 0.8436019 ]";80.82$\pm$1.17;"[0.79526066 0.80379147 0.81800948 0.80947867 0.78672986 0.8
 0.80663507 0.82464455 0.82464455 0.81232227]";92.79$\pm$0.9;"[0.93744076 0.90995261 0.94028436 0.92606635 0.93649289 0.92037915
 0.92796209 0.93459716 0.92132701 0.92417062]";85.33$\pm$1.29;"[0.8492891  0.84834123 0.85971564 0.86919431 0.84739336 0.83791469
 0.85971564 0.87393365 0.82938389 0.85781991]";84.07$\pm$1.93;"[0.83317536 0.8521327  0.85402844 0.82654028 0.81895735 0.81800948
 0.83981043 0.88720379 0.83601896 0.84075829]";78.07$\pm$0.86;"[0.78672986 0.78199052 0.78009479 0.78578199 0.79810427 0.77440758
 0.78578199 0.76682464 0.77630332 0.77061611]";80.82$\pm$1.05;"[0.79620853 0.8056872  0.83222749 0.80473934 0.7943128  0.81042654
 0.8056872  0.8056872  0.80663507 0.82085308]";83.01$\pm$1.12;"[0.83033175 0.8056872  0.84265403 0.83981043 0.82938389 0.82654028
 0.84265403 0.83981043 0.82464455 0.81990521]";74.62$\pm$1.8;"[0.76113744 0.7535545  0.73080569 0.76872038 0.73744076 0.74691943
 0.7042654  0.74028436 0.75924171 0.75924171]";82.92$\pm$1.53;"[0.82843602 0.81611374 0.83412322 0.83696682 0.83412322 0.83317536
 0.80758294 0.8549763  0.8028436  0.8436019 ]";78.71$\pm$1.22;"[0.79241706 0.79052133 0.81421801 0.76777251 0.79336493 0.78767773
 0.78957346 0.78009479 0.78388626 0.77156398]";89.05$\pm$1.59;"[0.86729858 0.89099526 0.91469194 0.90047393 0.892891   0.89099526
 0.89194313 0.907109   0.89004739 0.85876777]";77.85$\pm$2.64;"[0.75829384 0.76872038 0.79810427 0.77251185 0.75545024 0.76872038
 0.73649289 0.83317536 0.79810427 0.79526066]"
ROCAUC;93.65$\pm$0.81;"[0.92087916 0.93181645 0.94509647 0.93494216 0.93414523 0.93902473
 0.93976775 0.94915119 0.94304163 0.92735383]";88.33$\pm$0.63;"[0.88224413 0.87046383 0.88362975 0.88828014 0.88276544 0.88356147
 0.87862896 0.8821455  0.89651429 0.8851643 ]";91.69$\pm$0.66;"[0.91796901 0.90382426 0.92985962 0.9186038  0.90976034 0.91304418
 0.92158667 0.91904764 0.91784581 0.91729386]";91.09$\pm$0.56;"[0.90424742 0.90591676 0.91302621 0.91467308 0.91600458 0.90393028
 0.90802812 0.92190472 0.91366584 0.90725276]";82.27$\pm$0.41;"[0.82112254 0.82016312 0.82495261 0.82457975 0.83103108 0.81945502
 0.818468   0.82303258 0.81687777 0.82737206]";90.57$\pm$0.87;"[0.89356188 0.91063184 0.91120146 0.92004223 0.89975427 0.90610004
 0.89595472 0.91439096 0.89454662 0.91064846]";93.89$\pm$0.47;"[0.93690567 0.93634465 0.9460695  0.94451158 0.93391882 0.94241908
 0.93498259 0.94504436 0.93543081 0.93372476]";93.06$\pm$0.26;"[0.93003229 0.92977965 0.9294607  0.93012825 0.93314166 0.92565127
 0.92749579 0.93456302 0.93370999 0.93155859]";84.02$\pm$1.39;"[0.84283299 0.84806631 0.83427147 0.85576425 0.80863413 0.82259877
 0.84339166 0.84494688 0.85473619 0.84646347]";95.11$\pm$0.46;"[0.94693292 0.94445093 0.95791873 0.94519171 0.953382   0.95470003
 0.94907482 0.95772602 0.95198432 0.94999573]";94.12$\pm$0.6;"[0.92739642 0.94269401 0.94685834 0.94442353 0.93890074 0.93809483
 0.93635902 0.94966061 0.94377906 0.94365086]";89.37$\pm$0.6;"[0.88838188 0.88645718 0.89317491 0.89002358 0.89902473 0.88571056
 0.90017744 0.89134745 0.90358013 0.89865008]";96.24$\pm$0.41;"[0.96330387 0.95602794 0.96153456 0.96857124 0.96646796 0.96705734
 0.96227308 0.96222996 0.96147558 0.95536219]";91.64$\pm$0.36;"[0.91210734 0.91766762 0.91569372 0.919248   0.91093911 0.91115833
 0.91655174 0.92190562 0.91893666 0.91963253]";89.69$\pm$0.57;"[0.89022995 0.90341008 0.89936345 0.90157364 0.88925316 0.89937153
 0.89173828 0.90386829 0.88928119 0.90057276]";93.5$\pm$0.4;"[0.93282373 0.93572202 0.93699243 0.93854136 0.93435727 0.94148918
 0.93113093 0.93940208 0.93046395 0.92876934]";92.98$\pm$0.52;"[0.92632535 0.9226684  0.93889176 0.93048539 0.92810584 0.92590912
 0.92381393 0.93002224 0.93645512 0.93490173]";91.07$\pm$0.69;"[0.9069903  0.89938052 0.9259199  0.90972889 0.90567687 0.90569215
 0.91268795 0.91609533 0.91553369 0.90962108]";90.42$\pm$0.55;"[0.89960251 0.89727365 0.91322387 0.90401024 0.90139036 0.9137899
 0.90373621 0.90597516 0.90566472 0.89777678]";94.25$\pm$0.37;"[0.93718356 0.94722895 0.94369938 0.94668134 0.93484333 0.94429775
 0.94107769 0.94303273 0.94349937 0.94367692]";92.68$\pm$0.42;"[0.92196102 0.92498282 0.93424227 0.92510231 0.91985894 0.92633634
 0.9269082  0.93032412 0.93242444 0.92633499]";96.55$\pm$0.35;"[0.96823026 0.9577368  0.96801689 0.96739876 0.96945576 0.96458211
 0.96591272 0.96752903 0.96550267 0.96086162]";94.26$\pm$0.56;"[0.93782566 0.94234002 0.9459491  0.9491413  0.93528717 0.94190697
 0.94459603 0.95238741 0.93358094 0.94260327]";94.65$\pm$0.45;"[0.94405874 0.94758608 0.95026257 0.94582242 0.94140383 0.94418993
 0.94673705 0.9579084  0.94198764 0.9449662 ]";91.53$\pm$0.37;"[0.91478637 0.91355899 0.91767121 0.91582489 0.91976011 0.91982211
 0.91658319 0.91548797 0.90654334 0.91288336]";91.67$\pm$0.64;"[0.90527622 0.907516   0.92555244 0.91664338 0.91342602 0.92004402
 0.91482941 0.92056153 0.91756972 0.92566429]";92.38$\pm$0.45;"[0.91775228 0.91828126 0.92988882 0.92471418 0.91979156 0.92887401
 0.9240044  0.93073112 0.92225779 0.92187642]";89.51$\pm$0.87;"[0.892105   0.88703398 0.89801307 0.91056625 0.8866737  0.89784506
 0.88421284 0.88881472 0.90900024 0.89655848]";92.34$\pm$0.57;"[0.91809132 0.92396397 0.92845354 0.92676535 0.91343141 0.92710766
 0.92887222 0.93081827 0.91650045 0.91962175]";91.91$\pm$0.49;"[0.9164348  0.9235134  0.92615844 0.92253184 0.91768828 0.9159336
 0.92676175 0.91272793 0.91430254 0.91450596]";94.66$\pm$0.55;"[0.94292922 0.94253139 0.94957885 0.94818984 0.94299858 0.95162463
 0.94704342 0.95749152 0.94661996 0.93656207]";92.79$\pm$0.63;"[0.92040073 0.92848768 0.93090092 0.92779228 0.92152108 0.92863862
 0.91746367 0.93859078 0.92952778 0.93568608]"
AP;94.75$\pm$0.77;"[0.92953403 0.94762231 0.95173055 0.94763456 0.94795039 0.94942779
 0.94969897 0.95889363 0.95365065 0.93855657]";91.08$\pm$0.51;"[0.90897017 0.90138857 0.91421479 0.91459166 0.90930762 0.90903956
 0.90712098 0.90880343 0.92114183 0.91365871]";92.86$\pm$0.59;"[0.92926165 0.91807489 0.94079096 0.93207379 0.9224338  0.92499454
 0.92895334 0.9268646  0.9336845  0.92897949]";90.91$\pm$0.75;"[0.90416517 0.90253736 0.91193133 0.91537838 0.91134638 0.90251686
 0.90756759 0.92745259 0.90321022 0.90469921]";nan$\pm$nan;[];90.93$\pm$0.89;"[0.89882597 0.91659881 0.91184049 0.92569678 0.90498753 0.90987988
 0.89873604 0.91780021 0.89707625 0.91181351]";94.02$\pm$0.6;"[0.93688629 0.93839132 0.94891423 0.94680679 0.93845531 0.94337055
 0.93364152 0.94888596 0.933664   0.93271405]";93.84$\pm$0.4;"[0.93984963 0.94048077 0.93635074 0.941262   0.94013385 0.93304538
 0.93587588 0.94655257 0.93786062 0.9325698 ]";84.83$\pm$1.23;"[0.84693459 0.85312734 0.85008285 0.85986017 0.81668996 0.83732287
 0.85177691 0.85630768 0.86039064 0.85096868]";95.1$\pm$0.52;"[0.94738288 0.94191632 0.95632292 0.9509189  0.95453637 0.9549297
 0.95046268 0.95998797 0.9475687  0.94604461]";94.31$\pm$0.62;"[0.93209467 0.94615014 0.94554502 0.95087883 0.9393599  0.93903344
 0.93730751 0.95396728 0.94331956 0.94351101]";91.0$\pm$0.54;"[0.90857823 0.90395447 0.90767037 0.90731077 0.91693911 0.90194825
 0.90964055 0.90909788 0.92007703 0.91510777]";96.06$\pm$0.51;"[0.95957962 0.95214398 0.95749079 0.96848472 0.96592473 0.96417906
 0.96074837 0.96298661 0.96252915 0.9523891 ]";91.67$\pm$0.42;"[0.91014688 0.91720278 0.91660189 0.92169706 0.91373343 0.91363932
 0.9148771  0.92519682 0.91375082 0.9198494 ]";89.47$\pm$0.78;"[0.88715722 0.90012155 0.89958738 0.90019177 0.88642288 0.90311041
 0.89013026 0.90498794 0.88062669 0.89481829]";93.31$\pm$0.59;"[0.92721951 0.93290373 0.93604463 0.94003402 0.93605101 0.93911076
 0.92840605 0.94081832 0.92488008 0.92521989]";93.63$\pm$0.52;"[0.93119744 0.92961057 0.94393263 0.93858343 0.93559465 0.93279385
 0.9289651  0.93790231 0.94352557 0.94060199]";92.62$\pm$0.41;"[0.92321042 0.9223311  0.93621212 0.92558758 0.92305091 0.92220623
 0.92612576 0.93044846 0.92744325 0.92492464]";91.77$\pm$0.41;"[0.9165105  0.91816209 0.92567648 0.9151214  0.91415109 0.9241307
 0.91617332 0.92029955 0.91380983 0.91300455]";94.73$\pm$0.25;"[0.94377278 0.94722706 0.94726885 0.95137822 0.94313723 0.94874437
 0.94580377 0.94782711 0.95067995 0.94739418]";93.53$\pm$0.43;"[0.92847657 0.93377328 0.94157687 0.93666884 0.9305727  0.93365661
 0.93321993 0.94096068 0.94051758 0.93381175]";96.55$\pm$0.35;"[0.96514547 0.95888876 0.96744753 0.96882848 0.96997247 0.96654129
 0.96141368 0.9665965  0.96826111 0.96170237]";94.79$\pm$0.57;"[0.94637227 0.94933922 0.94943852 0.95552394 0.9412096  0.94693871
 0.9488218  0.95864707 0.93893648 0.94398516]";94.38$\pm$0.5;"[0.9401004  0.94545073 0.94791827 0.94551879 0.94017637 0.94089603
 0.94236008 0.95582439 0.93693676 0.942408  ]";92.29$\pm$0.56;"[0.92039704 0.92328499 0.92579142 0.92629444 0.93130933 0.92612043
 0.92321814 0.92484285 0.90903913 0.91918216]";93.26$\pm$0.39;"[0.92436609 0.92829422 0.93664232 0.93328632 0.9303173  0.93627297
 0.93075925 0.93567779 0.93408691 0.93620742]";93.81$\pm$0.36;"[0.93478686 0.93600161 0.94345891 0.94142453 0.93435995 0.94084118
 0.93642331 0.94368499 0.93528611 0.93494698]";91.37$\pm$0.67;"[0.91652703 0.90981292 0.91229675 0.92570067 0.90725351 0.91542467
 0.90214615 0.90938918 0.92290611 0.91594609]";92.59$\pm$0.57;"[0.92487537 0.92402429 0.93219146 0.93241176 0.9157797  0.92574073
 0.92647064 0.93506469 0.92316955 0.91934351]";93.1$\pm$0.32;"[0.92969219 0.93573877 0.93512448 0.93126607 0.92779225 0.93115033
 0.93526412 0.92750219 0.92979618 0.92634467]";93.48$\pm$0.84;"[0.92840222 0.93114669 0.94251478 0.94085975 0.92562021 0.93997663
 0.93090004 0.94949128 0.93824612 0.92041156]";92.55$\pm$0.65;"[0.92026223 0.92395708 0.92586006 0.92955636 0.91900921 0.92446922
 0.91605755 0.94026584 0.92504014 0.93065244]"
pretrain_time;nan$\pm$nan;[];nan$\pm$nan;[];nan$\pm$nan;[];0.82$\pm$0.0;"[0.81508112 0.81512308 0.81700158 0.81432462 0.81875968 0.81715274
 0.81599975 0.81407857 0.81447339 0.8150084 ]";;;1.32$\pm$0.02;"[1.34049845 1.35263848 1.29974031 1.30615067 1.32182026 1.3149395
 1.30469656 1.29448175 1.32934475 1.30291772]";59.92$\pm$1.33;"[60.51361442 59.05975509 59.55782485 59.14164329 58.6050756  60.69071364
 63.15946722 60.7710712  58.95415139 58.73990536]";35.25$\pm$0.2;"[35.34364152 35.33648872 35.32676411 35.55878806 35.23921776 35.53168774
 35.03014326 35.03439283 35.0478394  35.03142405]";149.98$\pm$1.85;"[150.3239162  149.40366745 150.61396003 150.08243179 147.96350384
 153.79366112 148.02004528 148.17425823 148.94950247 152.51692414]";123.07$\pm$2.59;"[126.68464375 126.57049251 124.15082288 120.95914125 124.99830413
 124.85183525 120.20900202 122.55224705 119.7604866  119.94675732]";0.68$\pm$0.0;"[0.6727922  0.68158531 0.67221928 0.67191887 0.67187071 0.66999412
 0.67431808 0.67649603 0.67601919 0.68675017]";1.65$\pm$0.02;"[1.67676306 1.6884377  1.64248776 1.64263391 1.64141798 1.65061927
 1.64639735 1.64078283 1.66136122 1.60673261]";77.76$\pm$1.64;"[79.92655826 80.80474067 79.4226501  77.69817996 76.65980172 77.43936038
 77.09918714 75.73870468 75.92067695 76.87188697]";7.65$\pm$0.14;"[7.7157805  7.71956444 7.70490336 7.78878522 7.8541007  7.75232482
 7.49440551 7.47309828 7.46287966 7.48612571]";16.43$\pm$0.35;"[16.14459491 16.5964787  16.47881985 16.84531093 16.66296458 16.71066761
 16.86939716 16.15623927 15.95720077 15.88480043]";17.74$\pm$0.33;"[17.65993524 17.73325801 17.813375   17.51268172 17.38248158 17.68303037
 17.43601537 18.02661872 18.55232835 17.56425405]";30.61$\pm$0.38;"[31.20518851 29.58297658 30.69271946 30.72078061 30.64015579 30.61758256
 30.63078094 30.56796169 30.65659094 30.79176688]";152.11$\pm$2.66;"[149.02160621 153.34183812 147.73952699 148.52053332 152.18547273
 152.28655052 154.67053676 156.15918064 153.90469027 153.29973149]";57.59$\pm$1.63;"[55.15941691 54.96055365 58.25964379 56.26718307 57.48542905 57.17550683
 59.25946832 59.65855527 59.58612657 58.08333802]";5.39$\pm$0.06;"[5.55964708 5.36663818 5.36289072 5.37007713 5.36152673 5.36710548
 5.37848473 5.36503673 5.38797784 5.39643717]";14.8$\pm$0.37;"[14.66525364 14.7395606  14.45256305 14.67634749 14.56533194 14.7551558
 14.73543835 14.79939675 14.76148772 15.85781145]";56.99$\pm$1.36;"[55.716609   55.87470889 55.8031044  55.50081229 56.43168783 58.52255821
 58.97066545 58.39721012 58.61762285 56.07455444]";20.74$\pm$0.02;"[20.77106857 20.73069263 20.76051807 20.71019435 20.75128865 20.75233698
 20.7025013  20.72365141 20.7448926  20.70599556]";1.65$\pm$0.04;"[1.67617273 1.75017715 1.62418771 1.62717676 1.64842033 1.64446759
 1.64519525 1.63843107 1.62458062 1.62064648]";206.18$\pm$2.43;"[206.15994048 206.04318523 205.40998459 211.14520621 202.78784084
 204.91254449 206.6789577  203.75709248 209.82222199 205.08023214]";51.7$\pm$0.77;"[52.26156592 52.72941804 52.01675344 52.19802284 51.96225166 52.25714469
 51.86360359 50.61165953 50.57570386 50.5702343 ]";17.59$\pm$0.47;"[18.10019636 18.07669234 17.16268468 17.28074527 17.49962926 17.05186915
 18.00021338 18.25114751 17.57290626 16.88921165]";179.81$\pm$3.32;"[182.09960985 175.72789621 179.66784334 175.53596878 177.9164741
 177.69783974 177.89172459 181.83363175 183.76805878 185.99332643]";41.57$\pm$0.82;"[41.23508978 41.09252286 40.97578597 40.90008736 40.80671692 40.80274177
 42.68078351 41.51211381 42.77931094 42.88800812]";184.03$\pm$3.4;"[183.64542079 179.08203697 179.39765716 181.42564917 180.70199347
 187.56493258 187.03399396 187.52484655 187.67917943 186.24635124]";16.03$\pm$0.42;"[15.5556314  15.66017747 15.6888454  15.75911427 15.66235399 16.00024509
 16.72962236 16.5433507  16.58017921 16.11889791]";3.68$\pm$0.02;"[3.74533343 3.67937827 3.67383862 3.66675448 3.67344594 3.67477918
 3.67352653 3.66723347 3.66806746 3.67237806]"
