metrics;baseline,enc:gcn_bgrl,pred:mlp_mean;baseline,enc:gcn_bgrl,pred:mlp;grace,enc:gcn_bgrl,pred:mlp,random_mean;grace,enc:gcn_bgrl,pred:mlp,random;infomap_prob_pred_mean;infomap_prob_pred;grace,enc:gcn_bgrl,pred:mlp,sbm_fast_mean;grace,enc:gcn_bgrl,pred:mlp,sbm_fast;louvain_prob_pred_mean;louvain_prob_pred;grace,enc:gcn_bgrl,pred:mlp,sbm_fast2_mean;grace,enc:gcn_bgrl,pred:mlp,sbm_fast2;grace,enc:gcn_bgrl,pred:mlp,sbm_fast_cheat_mean;grace,enc:gcn_bgrl,pred:mlp,sbm_fast_cheat;grace,enc:gcn_bgrl,pred:mlp,sbm_fast2_cheat_mean;grace,enc:gcn_bgrl,pred:mlp,sbm_fast2_cheat;csgcl,enc:gcn_bgrl,pred:mlp,random_mean;csgcl,enc:gcn_bgrl,pred:mlp,random;leiden_prob_pred_mean;leiden_prob_pred;csgcl,enc:gcn_bgrl,pred:mlp,sbm_fast_mean;csgcl,enc:gcn_bgrl,pred:mlp,sbm_fast;csgcl,enc:gcn_bgrl,pred:mlp,sbm_fast2_mean;csgcl,enc:gcn_bgrl,pred:mlp,sbm_fast2;csgcl,enc:gcn_bgrl,pred:mlp,sbm_fast_cheat_mean;csgcl,enc:gcn_bgrl,pred:mlp,sbm_fast_cheat;csgcl,enc:gcn_bgrl,pred:mlp,sbm_fast2_cheat_mean;csgcl,enc:gcn_bgrl,pred:mlp,sbm_fast2_cheat;bgrl,enc:gcn_bgrl,pred:mlp,random_mean;bgrl,enc:gcn_bgrl,pred:mlp,random;bgrl,enc:gcn_bgrl,pred:mlp,sbm_fast_mean;bgrl,enc:gcn_bgrl,pred:mlp,sbm_fast;bgrl,enc:gcn_bgrl,pred:mlp,sbm_fast2_mean;bgrl,enc:gcn_bgrl,pred:mlp,sbm_fast2;bgrl,enc:gcn_bgrl,pred:mlp,sbm_fast_cheat_mean;bgrl,enc:gcn_bgrl,pred:mlp,sbm_fast_cheat;bgrl,enc:gcn_bgrl,pred:mlp,sbm_fast2_cheat_mean;bgrl,enc:gcn_bgrl,pred:mlp,sbm_fast2_cheat;lgrace,enc:gcn_bgrl,pred:mlp,random_mean;lgrace,enc:gcn_bgrl,pred:mlp,random;lgrace,enc:gcn_bgrl,pred:mlp,sbm_fast_mean;lgrace,enc:gcn_bgrl,pred:mlp,sbm_fast;lgrace,enc:gcn_bgrl,pred:mlp,sbm_fast2_mean;lgrace,enc:gcn_bgrl,pred:mlp,sbm_fast2;lgrace,enc:gcn_bgrl,pred:mlp,sbm_fast_cheat_mean;lgrace,enc:gcn_bgrl,pred:mlp,sbm_fast_cheat;lgrace,enc:gcn_bgrl,pred:mlp,sbm_fast2_cheat_mean;lgrace,enc:gcn_bgrl,pred:mlp,sbm_fast2_cheat;lbgrl,enc:gcn_bgrl,pred:mlp,random_mean;lbgrl,enc:gcn_bgrl,pred:mlp,random;lbgrl,enc:gcn_bgrl,pred:mlp,sbm_fast_mean;lbgrl,enc:gcn_bgrl,pred:mlp,sbm_fast;lbgrl,enc:gcn_bgrl,pred:mlp,sbm_fast2_mean;lbgrl,enc:gcn_bgrl,pred:mlp,sbm_fast2;lbgrl,enc:gcn_bgrl,pred:mlp,sbm_fast_cheat_mean;lbgrl,enc:gcn_bgrl,pred:mlp,sbm_fast_cheat;lbgrl,enc:gcn_bgrl,pred:mlp,sbm_fast2_cheat_mean;lbgrl,enc:gcn_bgrl,pred:mlp,sbm_fast2_cheat
Hits@20;78.59$\pm$6.15;"[0.796875 0.78125  0.734375 0.90625  0.734375 0.828125 0.859375 0.78125
 0.765625 0.78125  0.796875 0.84375  0.625    0.8125   0.75     0.734375
 0.765625 0.734375 0.890625 0.796875]";85.94$\pm$6.17;"[0.84375  0.921875 0.796875 0.90625  0.78125  0.90625  0.921875 0.890625
 0.765625 0.828125 0.875    0.9375   0.765625 0.890625 0.828125 0.734375
 0.84375  0.90625  0.921875 0.921875]";67.34$\pm$7.12;"[0.6875   0.75     0.671875 0.71875  0.671875 0.65625  0.65625  0.640625
 0.625    0.640625 0.75     0.6875   0.5      0.796875 0.8125   0.640625
 0.640625 0.5625   0.640625 0.71875 ]";80.94$\pm$8.28;"[0.921875 0.875    0.796875 0.90625  0.828125 0.765625 0.84375  0.640625
 0.640625 0.796875 0.828125 0.796875 0.65625  0.859375 0.828125 0.8125
 0.875    0.734375 0.890625 0.890625]";67.34$\pm$7.12;"[0.6875   0.75     0.671875 0.71875  0.671875 0.65625  0.65625  0.640625
 0.625    0.640625 0.75     0.6875   0.5      0.796875 0.8125   0.640625
 0.640625 0.5625   0.640625 0.71875 ]";71.02$\pm$12.3;"[0.6875   0.734375 0.8125   0.859375 0.578125 0.78125  0.421875 0.765625
 0.5      0.765625 0.671875 0.765625 0.484375 0.71875  0.8125   0.796875
 0.765625 0.65625  0.734375 0.890625]";75.86$\pm$7.97;"[0.703125 0.78125  0.765625 0.75     0.75     0.84375  0.84375  0.75
 0.59375  0.65625  0.828125 0.75     0.65625  0.75     0.90625  0.609375
 0.78125  0.796875 0.828125 0.828125]";81.48$\pm$6.24;"[0.859375 0.828125 0.90625  0.765625 0.78125  0.828125 0.828125 0.828125
 0.65625  0.796875 0.90625  0.828125 0.671875 0.78125  0.84375  0.859375
 0.8125   0.796875 0.875    0.84375 ]";79.53$\pm$6.23;"[0.859375 0.875    0.8125   0.859375 0.796875 0.734375 0.859375 0.765625
 0.625    0.828125 0.78125  0.859375 0.78125  0.703125 0.828125 0.734375
 0.734375 0.828125 0.828125 0.8125  ]";67.34$\pm$7.12;"[0.6875   0.75     0.671875 0.71875  0.671875 0.65625  0.65625  0.640625
 0.625    0.640625 0.75     0.6875   0.5      0.796875 0.8125   0.640625
 0.640625 0.5625   0.640625 0.71875 ]";87.11$\pm$6.19;"[0.890625 0.921875 0.953125 0.84375  0.828125 0.84375  0.90625  0.875
 0.734375 0.765625 0.859375 0.859375 0.765625 0.9375   0.96875  0.859375
 0.859375 0.90625  0.9375   0.90625 ]";60.94$\pm$8.76;"[0.5625   0.6875   0.625    0.65625  0.671875 0.53125  0.640625 0.40625
 0.5625   0.6875   0.671875 0.671875 0.421875 0.65625  0.625    0.765625
 0.546875 0.65625  0.609375 0.53125 ]";84.92$\pm$6.22;"[0.921875 0.859375 0.9375   0.84375  0.84375  0.84375  0.828125 0.78125
 0.78125  0.84375  0.90625  0.890625 0.734375 0.921875 0.828125 0.734375
 0.890625 0.765625 0.921875 0.90625 ]";90.0$\pm$4.98;"[0.921875 0.953125 0.953125 0.9375   0.90625  0.875    0.9375   0.921875
 0.78125  0.90625  0.921875 0.84375  0.8125   0.953125 0.890625 0.828125
 0.890625 0.875    0.921875 0.96875 ]";74.14$\pm$8.48;"[0.640625 0.734375 0.78125  0.703125 0.703125 0.78125  0.859375 0.734375
 0.734375 0.78125  0.65625  0.625    0.625    0.796875 0.890625 0.5625
 0.78125  0.78125  0.859375 0.796875]";68.59$\pm$12.91;"[0.71875  0.21875  0.6875   0.828125 0.78125  0.765625 0.828125 0.734375
 0.625    0.609375 0.71875  0.640625 0.671875 0.671875 0.609375 0.71875
 0.625    0.84375  0.765625 0.65625 ]";86.48$\pm$5.89;"[0.890625 0.90625  0.90625  0.96875  0.828125 0.828125 0.90625  0.828125
 0.71875  0.90625  0.875    0.953125 0.890625 0.84375  0.859375 0.796875
 0.875    0.765625 0.90625  0.84375 ]";85.23$\pm$7.27;"[0.890625 0.921875 0.859375 0.875    0.84375  0.90625  0.875    0.859375
 0.640625 0.828125 0.859375 0.890625 0.671875 0.921875 0.890625 0.84375
 0.859375 0.796875 0.890625 0.921875]";48.67$\pm$13.87;"[0.296875 0.625    0.5      0.265625 0.546875 0.359375 0.71875  0.546875
 0.5625   0.3125   0.28125  0.640625 0.4375   0.734375 0.5625   0.546875
 0.421875 0.578125 0.40625  0.390625]";90.47$\pm$5.01;"[0.890625 1.       0.96875  0.953125 0.859375 0.875    0.890625 0.859375
 0.796875 0.859375 0.90625  0.921875 0.8125   0.953125 0.921875 0.921875
 0.9375   0.890625 0.921875 0.953125]";81.8$\pm$4.85;"[0.796875 0.75     0.828125 0.796875 0.796875 0.859375 0.71875  0.828125
 0.84375  0.828125 0.84375  0.890625 0.78125  0.78125  0.921875 0.765625
 0.859375 0.78125  0.875    0.8125  ]";86.09$\pm$5.78;"[0.8125   0.90625  0.875    0.953125 0.859375 0.84375  0.828125 0.8125
 0.78125  0.828125 0.9375   0.921875 0.78125  0.84375  0.734375 0.875
 0.9375   0.875    0.90625  0.90625 ]";85.55$\pm$7.64;"[0.8125   0.984375 0.96875  0.890625 0.828125 0.875    0.875    0.765625
 0.703125 0.84375  0.921875 0.859375 0.71875  0.8125   0.96875  0.765625
 0.90625  0.84375  0.859375 0.90625 ]";62.97$\pm$14.23;"[0.390625 0.609375 0.671875 0.828125 0.484375 0.75     0.796875 0.75
 0.5625   0.546875 0.6875   0.734375 0.421875 0.640625 0.8125   0.4375
 0.75     0.390625 0.578125 0.75    ]";74.92$\pm$7.4;"[0.640625 0.78125  0.65625  0.71875  0.78125  0.796875 0.765625 0.8125
 0.65625  0.6875   0.796875 0.75     0.546875 0.84375  0.84375  0.796875
 0.796875 0.765625 0.78125  0.765625]";68.83$\pm$10.02;"[0.796875 0.75     0.609375 0.625    0.53125  0.703125 0.625    0.671875
 0.5625   0.640625 0.65625  0.78125  0.515625 0.703125 0.84375  0.8125
 0.78125  0.5625   0.78125  0.8125  ]";80.55$\pm$9.38;"[0.75     0.796875 0.890625 0.9375   0.6875   0.703125 0.890625 0.734375
 0.640625 0.953125 0.828125 0.8125   0.734375 0.796875 0.828125 0.796875
 0.8125   0.65625  0.890625 0.96875 ]";77.73$\pm$5.97;"[0.734375 0.84375  0.796875 0.828125 0.71875  0.75     0.8125   0.78125
 0.671875 0.796875 0.796875 0.859375 0.65625  0.8125   0.84375  0.78125
 0.703125 0.734375 0.75     0.875   ]";68.91$\pm$8.88;"[0.765625 0.59375  0.625    0.65625  0.796875 0.65625  0.8125   0.625
 0.609375 0.5625   0.578125 0.765625 0.53125  0.703125 0.8125   0.65625
 0.75     0.71875  0.8125   0.75    ]"
Hits@50;91.17$\pm$2.67;"[0.890625 0.96875  0.921875 0.9375   0.953125 0.875    0.90625  0.890625
 0.921875 0.9375   0.90625  0.90625  0.859375 0.921875 0.9375   0.90625
 0.90625  0.890625 0.921875 0.875   ]";97.58$\pm$2.18;"[0.953125 0.984375 0.9375   0.96875  0.984375 0.984375 1.       1.
 0.9375   0.953125 1.       0.984375 0.953125 0.953125 1.       0.953125
 0.984375 1.       1.       0.984375]";91.88$\pm$4.81;"[0.875    0.96875  0.984375 0.875    0.90625  0.859375 0.984375 0.828125
 0.90625  0.9375   0.953125 0.96875  0.84375  0.921875 1.       0.9375
 0.9375   0.90625  0.875    0.90625 ]";97.27$\pm$2.09;"[0.984375 1.       0.984375 0.984375 0.9375   0.953125 0.984375 0.9375
 0.953125 0.9375   0.953125 1.       0.953125 0.984375 0.984375 0.984375
 0.984375 0.984375 1.       0.96875 ]";91.88$\pm$4.81;"[0.875    0.96875  0.984375 0.875    0.90625  0.859375 0.984375 0.828125
 0.90625  0.9375   0.953125 0.96875  0.84375  0.921875 1.       0.9375
 0.9375   0.90625  0.875    0.90625 ]";93.28$\pm$2.89;"[0.921875 0.9375   0.9375   0.953125 0.953125 0.90625  0.96875  0.9375
 0.90625  0.9375   0.890625 0.96875  0.921875 0.9375   0.953125 0.921875
 0.953125 0.84375  0.953125 0.953125]";95.55$\pm$4.59;"[0.875    0.984375 0.984375 0.9375   0.984375 0.96875  0.984375 0.96875
 0.96875  0.796875 0.984375 0.984375 0.953125 0.984375 1.       0.96875
 0.953125 0.9375   0.96875  0.921875]";97.27$\pm$2.2;"[0.953125 1.       0.96875  1.       0.953125 0.96875  0.953125 0.953125
 0.96875  0.953125 0.984375 0.96875  0.921875 1.       1.       1.
 0.984375 0.96875  0.953125 1.      ]";95.7$\pm$2.09;"[0.96875  1.       0.953125 0.9375   0.96875  0.953125 0.96875  0.953125
 0.9375   0.984375 0.953125 0.96875  0.921875 0.96875  0.953125 0.921875
 0.921875 0.96875  0.984375 0.953125]";91.88$\pm$4.81;"[0.875    0.96875  0.984375 0.875    0.90625  0.859375 0.984375 0.828125
 0.90625  0.9375   0.953125 0.96875  0.84375  0.921875 1.       0.9375
 0.9375   0.90625  0.875    0.90625 ]";97.5$\pm$1.88;"[0.9375   1.       0.984375 1.       0.984375 0.96875  0.96875  1.
 0.9375   0.953125 0.984375 0.96875  0.953125 1.       0.984375 0.984375
 0.96875  0.96875  0.984375 0.96875 ]";88.75$\pm$7.15;"[0.84375  0.859375 0.734375 0.984375 0.953125 0.953125 0.84375  0.953125
 0.96875  0.890625 0.96875  0.765625 0.90625  0.890625 0.796875 0.9375
 0.890625 0.921875 0.78125  0.90625 ]";98.59$\pm$1.3;"[0.96875  0.984375 1.       1.       0.984375 1.       0.984375 1.
 0.984375 1.       0.96875  0.984375 0.953125 0.984375 1.       0.984375
 1.       0.984375 0.984375 0.96875 ]";98.91$\pm$1.22;"[1.       1.       1.       1.       0.984375 0.984375 1.       1.
 0.953125 0.984375 0.984375 1.       0.984375 1.       0.984375 0.984375
 0.984375 0.96875  0.984375 1.      ]";95.86$\pm$2.76;"[0.953125 0.984375 1.       0.953125 0.96875  0.953125 0.96875  0.921875
 0.984375 0.921875 0.96875  0.90625  0.921875 1.       0.984375 0.984375
 0.921875 0.9375   0.96875  0.96875 ]";92.97$\pm$7.71;"[0.9375   0.625    0.96875  0.96875  1.       0.96875  0.953125 1.
 0.984375 0.953125 0.953125 0.953125 0.90625  0.953125 0.890625 0.90625
 0.921875 0.9375   0.9375   0.875   ]";99.06$\pm$1.04;"[0.96875  1.       0.984375 1.       0.984375 0.984375 0.984375 1.
 1.       0.984375 1.       1.       0.984375 1.       1.       0.984375
 1.       1.       0.984375 0.96875 ]";97.34$\pm$2.48;"[1.       0.96875  0.953125 1.       0.890625 0.984375 1.       0.96875
 0.953125 0.96875  0.96875  0.984375 0.96875  0.984375 0.984375 1.
 1.       0.96875  0.953125 0.96875 ]";79.14$\pm$12.76;"[0.671875 0.859375 0.796875 0.546875 0.984375 0.796875 0.96875  0.84375
 0.875    0.578125 0.59375  0.875    0.71875  0.953125 0.859375 0.890625
 0.71875  0.875    0.65625  0.765625]";98.52$\pm$1.35;"[0.984375 1.       0.984375 1.       0.984375 0.96875  0.984375 1.
 0.984375 0.953125 0.984375 1.       0.96875  1.       1.       0.984375
 0.984375 1.       0.96875  0.96875 ]";97.5$\pm$2.12;"[0.9375   1.       1.       0.953125 0.96875  0.984375 0.984375 0.984375
 0.984375 0.9375   0.984375 0.96875  0.9375   1.       0.984375 0.96875
 1.       1.       0.953125 0.96875 ]";97.66$\pm$1.75;"[0.953125 0.984375 1.       0.96875  0.984375 0.984375 0.96875  0.984375
 1.       0.953125 0.96875  0.984375 0.96875  0.984375 1.       0.984375
 1.       0.9375   0.953125 0.96875 ]";97.73$\pm$2.18;"[0.953125 0.984375 1.       1.       0.984375 1.       0.984375 0.96875
 0.96875  0.96875  1.       1.       0.921875 0.984375 1.       0.984375
 0.984375 0.9375   0.953125 0.96875 ]";93.52$\pm$5.17;"[0.734375 0.953125 0.9375   0.953125 0.96875  0.96875  0.953125 0.921875
 0.921875 0.921875 0.96875  0.96875  0.9375   0.953125 1.       0.921875
 0.953125 0.90625  0.90625  0.953125]";89.92$\pm$2.94;"[0.828125 0.90625  0.890625 0.90625  0.921875 0.953125 0.890625 0.90625
 0.859375 0.90625  0.890625 0.921875 0.90625  0.9375   0.921875 0.890625
 0.859375 0.875    0.875    0.9375  ]";93.28$\pm$4.14;"[0.953125 0.9375   0.984375 0.890625 0.8125   0.953125 0.921875 0.96875
 0.921875 0.875    0.953125 0.96875  0.875    0.984375 0.9375   0.96875
 0.9375   0.9375   0.953125 0.921875]";98.91$\pm$1.49;"[0.984375 1.       0.984375 1.       1.       1.       0.984375 0.96875
 0.953125 1.       1.       0.984375 1.       0.984375 0.984375 1.
 1.       0.953125 1.       1.      ]";94.69$\pm$3.18;"[0.9375   1.       0.96875  0.953125 0.984375 0.9375   0.953125 0.9375
 0.875    0.890625 0.921875 0.96875  0.9375   0.9375   0.953125 0.953125
 0.984375 0.921875 0.921875 1.      ]";93.05$\pm$4.15;"[0.921875 0.984375 0.890625 0.921875 0.953125 0.96875  0.984375 0.875
 0.9375   0.9375   0.90625  0.90625  0.875    1.       0.921875 0.828125
 0.96875  0.9375   0.9375   0.953125]"
Hits@100;100.0$\pm$0.0;[1. 1. 1. 1. 1. 1. 1. 1. 1. 1. 1. 1. 1. 1. 1. 1. 1. 1. 1. 1.];100.0$\pm$0.0;[1. 1. 1. 1. 1. 1. 1. 1. 1. 1. 1. 1. 1. 1. 1. 1. 1. 1. 1. 1.];100.0$\pm$0.0;[1. 1. 1. 1. 1. 1. 1. 1. 1. 1. 1. 1. 1. 1. 1. 1. 1. 1. 1. 1.];100.0$\pm$0.0;[1. 1. 1. 1. 1. 1. 1. 1. 1. 1. 1. 1. 1. 1. 1. 1. 1. 1. 1. 1.];100.0$\pm$0.0;[1. 1. 1. 1. 1. 1. 1. 1. 1. 1. 1. 1. 1. 1. 1. 1. 1. 1. 1. 1.];100.0$\pm$0.0;[1. 1. 1. 1. 1. 1. 1. 1. 1. 1. 1. 1. 1. 1. 1. 1. 1. 1. 1. 1.];100.0$\pm$0.0;[1. 1. 1. 1. 1. 1. 1. 1. 1. 1. 1. 1. 1. 1. 1. 1. 1. 1. 1. 1.];100.0$\pm$0.0;[1. 1. 1. 1. 1. 1. 1. 1. 1. 1. 1. 1. 1. 1. 1. 1. 1. 1. 1. 1.];100.0$\pm$0.0;[1. 1. 1. 1. 1. 1. 1. 1. 1. 1. 1. 1. 1. 1. 1. 1. 1. 1. 1. 1.];100.0$\pm$0.0;[1. 1. 1. 1. 1. 1. 1. 1. 1. 1. 1. 1. 1. 1. 1. 1. 1. 1. 1. 1.];100.0$\pm$0.0;[1. 1. 1. 1. 1. 1. 1. 1. 1. 1. 1. 1. 1. 1. 1. 1. 1. 1. 1. 1.];100.0$\pm$0.0;[1. 1. 1. 1. 1. 1. 1. 1. 1. 1. 1. 1. 1. 1. 1. 1. 1. 1. 1. 1.];100.0$\pm$0.0;[1. 1. 1. 1. 1. 1. 1. 1. 1. 1. 1. 1. 1. 1. 1. 1. 1. 1. 1. 1.];100.0$\pm$0.0;[1. 1. 1. 1. 1. 1. 1. 1. 1. 1. 1. 1. 1. 1. 1. 1. 1. 1. 1. 1.];100.0$\pm$0.0;[1. 1. 1. 1. 1. 1. 1. 1. 1. 1. 1. 1. 1. 1. 1. 1. 1. 1. 1. 1.];100.0$\pm$0.0;[1. 1. 1. 1. 1. 1. 1. 1. 1. 1. 1. 1. 1. 1. 1. 1. 1. 1. 1. 1.];100.0$\pm$0.0;[1. 1. 1. 1. 1. 1. 1. 1. 1. 1. 1. 1. 1. 1. 1. 1. 1. 1. 1. 1.];100.0$\pm$0.0;[1. 1. 1. 1. 1. 1. 1. 1. 1. 1. 1. 1. 1. 1. 1. 1. 1. 1. 1. 1.];100.0$\pm$0.0;[1. 1. 1. 1. 1. 1. 1. 1. 1. 1. 1. 1. 1. 1. 1. 1. 1. 1. 1. 1.];100.0$\pm$0.0;[1. 1. 1. 1. 1. 1. 1. 1. 1. 1. 1. 1. 1. 1. 1. 1. 1. 1. 1. 1.];100.0$\pm$0.0;[1. 1. 1. 1. 1. 1. 1. 1. 1. 1. 1. 1. 1. 1. 1. 1. 1. 1. 1. 1.];100.0$\pm$0.0;[1. 1. 1. 1. 1. 1. 1. 1. 1. 1. 1. 1. 1. 1. 1. 1. 1. 1. 1. 1.];100.0$\pm$0.0;[1. 1. 1. 1. 1. 1. 1. 1. 1. 1. 1. 1. 1. 1. 1. 1. 1. 1. 1. 1.];100.0$\pm$0.0;[1. 1. 1. 1. 1. 1. 1. 1. 1. 1. 1. 1. 1. 1. 1. 1. 1. 1. 1. 1.];100.0$\pm$0.0;[1. 1. 1. 1. 1. 1. 1. 1. 1. 1. 1. 1. 1. 1. 1. 1. 1. 1. 1. 1.];100.0$\pm$0.0;[1. 1. 1. 1. 1. 1. 1. 1. 1. 1. 1. 1. 1. 1. 1. 1. 1. 1. 1. 1.];100.0$\pm$0.0;[1. 1. 1. 1. 1. 1. 1. 1. 1. 1. 1. 1. 1. 1. 1. 1. 1. 1. 1. 1.];100.0$\pm$0.0;[1. 1. 1. 1. 1. 1. 1. 1. 1. 1. 1. 1. 1. 1. 1. 1. 1. 1. 1. 1.];100.0$\pm$0.0;[1. 1. 1. 1. 1. 1. 1. 1. 1. 1. 1. 1. 1. 1. 1. 1. 1. 1. 1. 1.]
ROCAUC;79.71$\pm$3.68;"[0.78173828 0.83129883 0.76488095 0.84448242 0.79935516 0.80493164
 0.8269043  0.78857422 0.78881836 0.79882812 0.79516602 0.80834961
 0.66918945 0.81933594 0.82177734 0.76904297 0.79541016 0.78393555
 0.84960938 0.80029297]";86.15$\pm$3.95;"[0.8347168  0.87670898 0.81770833 0.88623047 0.81150794 0.89306641
 0.91040039 0.88256836 0.80371094 0.83447266 0.89428711 0.89086914
 0.78149414 0.87402344 0.85717773 0.81420898 0.85424805 0.88085938
 0.92675781 0.90551758]";72.68$\pm$4.1;"[0.67797852 0.78369141 0.77579365 0.7253418  0.71478175 0.67749023
 0.75292969 0.67529297 0.69506836 0.74243164 0.7722168  0.74487305
 0.64672852 0.76464844 0.79223633 0.73095703 0.72216797 0.6706543
 0.71923828 0.75244141]";82.95$\pm$3.98;"[0.82885742 0.85766602 0.83928571 0.87670898 0.82266865 0.83740234
 0.85888672 0.73364258 0.74902344 0.80908203 0.86035156 0.83691406
 0.75341797 0.83007812 0.83618164 0.82348633 0.84765625 0.84204102
 0.88500977 0.86157227]";72.68$\pm$4.1;"[0.67797852 0.78369141 0.77579365 0.7253418  0.71478175 0.67749023
 0.75292969 0.67529297 0.69506836 0.74243164 0.7722168  0.74487305
 0.64672852 0.76464844 0.79223633 0.73095703 0.72216797 0.6706543
 0.71923828 0.75244141]";75.29$\pm$5.92;"[0.73388672 0.78466797 0.80208333 0.84155273 0.65749008 0.77832031
 0.69384766 0.72387695 0.66552734 0.80151367 0.73486328 0.74462891
 0.62695312 0.74511719 0.81420898 0.78320312 0.79272461 0.70214844
 0.7902832  0.84082031]";78.52$\pm$4.51;"[0.71484375 0.78173828 0.79910714 0.79174805 0.77703373 0.84765625
 0.81225586 0.79907227 0.72436523 0.69018555 0.82299805 0.79663086
 0.74560547 0.76977539 0.87133789 0.74023438 0.77026367 0.78417969
 0.84521484 0.81933594]";83.84$\pm$3.71;"[0.85424805 0.86523438 0.88566468 0.85131836 0.78521825 0.84814453
 0.83325195 0.79638672 0.7668457  0.82055664 0.88549805 0.84716797
 0.75634766 0.84838867 0.85839844 0.83520508 0.84741211 0.81713867
 0.88623047 0.87890625]";82.0$\pm$3.84;"[0.86572266 0.86279297 0.82068452 0.8527832  0.82837302 0.79174805
 0.85961914 0.80273438 0.74462891 0.86206055 0.82470703 0.81689453
 0.78857422 0.79516602 0.80517578 0.78759766 0.73095703 0.84179688
 0.86352539 0.85424805]";72.68$\pm$4.1;"[0.67797852 0.78369141 0.77579365 0.7253418  0.71478175 0.67749023
 0.75292969 0.67529297 0.69506836 0.74243164 0.7722168  0.74487305
 0.64672852 0.76464844 0.79223633 0.73095703 0.72216797 0.6706543
 0.71923828 0.75244141]";86.0$\pm$3.49;"[0.82055664 0.88916016 0.86830357 0.8737793  0.84002976 0.86547852
 0.87011719 0.88330078 0.78686523 0.80371094 0.87158203 0.87646484
 0.78930664 0.89453125 0.89941406 0.85424805 0.84765625 0.8605957
 0.91015625 0.89501953]";70.03$\pm$3.95;"[0.69311523 0.74267578 0.65104167 0.74951172 0.7437996  0.67504883
 0.7121582  0.62109375 0.69287109 0.74121094 0.72290039 0.69799805
 0.65283203 0.72143555 0.65820312 0.77587891 0.65649414 0.72558594
 0.67651367 0.69482422]";85.94$\pm$3.45;"[0.8918457  0.88208008 0.90972222 0.87695312 0.85367063 0.89086914
 0.859375   0.8449707  0.796875   0.85083008 0.86791992 0.86132812
 0.7722168  0.86230469 0.87915039 0.80908203 0.87426758 0.82275391
 0.89111328 0.89013672]";88.23$\pm$3.63;"[0.90454102 0.93579102 0.92733135 0.91870117 0.88244048 0.87182617
 0.91064453 0.875      0.81762695 0.86279297 0.91064453 0.85131836
 0.80444336 0.89453125 0.88476562 0.81860352 0.87182617 0.87695312
 0.91699219 0.90966797]";79.23$\pm$4.13;"[0.76538086 0.78955078 0.84895833 0.78564453 0.75074405 0.81811523
 0.8190918  0.77392578 0.79150391 0.81323242 0.77807617 0.73388672
 0.72753906 0.80541992 0.87475586 0.71606445 0.78051758 0.78393555
 0.84545898 0.84399414]";74.97$\pm$8.66;"[0.76782227 0.40551758 0.75396825 0.84179688 0.79365079 0.77001953
 0.82495117 0.78710938 0.72729492 0.76660156 0.7722168  0.75878906
 0.72875977 0.77709961 0.69946289 0.76416016 0.70654297 0.8125
 0.79467773 0.74121094]";87.02$\pm$2.91;"[0.86181641 0.92285156 0.91344246 0.92700195 0.86160714 0.8449707
 0.88330078 0.8515625  0.81152344 0.85546875 0.88354492 0.88378906
 0.85595703 0.86621094 0.875      0.82373047 0.87573242 0.84326172
 0.89355469 0.86938477]";84.12$\pm$4.12;"[0.88623047 0.8425293  0.86855159 0.87109375 0.79414683 0.875
 0.86621094 0.84985352 0.71923828 0.83789062 0.86401367 0.81982422
 0.76098633 0.86254883 0.86743164 0.83203125 0.84790039 0.81347656
 0.87451172 0.86987305]";59.51$\pm$11.18;"[0.50146484 0.68847656 0.58655754 0.43774414 0.68774802 0.52319336
 0.75927734 0.62084961 0.67163086 0.41186523 0.42675781 0.71972656
 0.50439453 0.78491211 0.66552734 0.66601562 0.49511719 0.69238281
 0.50878906 0.55053711]";88.11$\pm$2.72;"[0.87915039 0.90649414 0.91121032 0.90893555 0.85863095 0.87475586
 0.88745117 0.88085938 0.828125   0.82910156 0.89819336 0.88500977
 0.82299805 0.89208984 0.9128418  0.86035156 0.88549805 0.89575195
 0.90307617 0.90185547]";83.55$\pm$3.66;"[0.80493164 0.81738281 0.88690476 0.81811523 0.81969246 0.85424805
 0.79125977 0.84863281 0.83813477 0.81079102 0.86499023 0.86987305
 0.76196289 0.8125     0.90795898 0.77905273 0.85644531 0.83496094
 0.8815918  0.85058594]";85.7$\pm$3.31;"[0.84106445 0.89013672 0.91840278 0.91113281 0.86483135 0.85205078
 0.85058594 0.80712891 0.81176758 0.81103516 0.90136719 0.84619141
 0.80517578 0.84863281 0.84082031 0.84667969 0.87744141 0.84936523
 0.87939453 0.88647461]";85.22$\pm$4.11;"[0.81933594 0.88842773 0.91220238 0.88696289 0.84102183 0.88745117
 0.87133789 0.81640625 0.78955078 0.84106445 0.90087891 0.85986328
 0.76245117 0.84887695 0.91479492 0.7956543  0.86206055 0.82324219
 0.84228516 0.88110352]";72.44$\pm$7.55;"[0.52050781 0.70727539 0.72172619 0.78173828 0.70758929 0.79492188
 0.80859375 0.76879883 0.70922852 0.6875     0.73095703 0.80688477
 0.65795898 0.71118164 0.82836914 0.6574707  0.77514648 0.60229492
 0.69750977 0.81323242]";77.7$\pm$4.27;"[0.70874023 0.78222656 0.72247024 0.77685547 0.77579365 0.80883789
 0.80200195 0.82373047 0.68994141 0.75463867 0.83203125 0.76977539
 0.69750977 0.83496094 0.81787109 0.76220703 0.77490234 0.78491211
 0.81005859 0.81054688]";74.88$\pm$5.06;"[0.80957031 0.75073242 0.76884921 0.72387695 0.62127976 0.77587891
 0.69433594 0.75024414 0.72192383 0.68212891 0.73461914 0.79663086
 0.68847656 0.76025391 0.81811523 0.78271484 0.79345703 0.70727539
 0.78198242 0.81420898]";83.39$\pm$4.0;"[0.82177734 0.84619141 0.8702877  0.89428711 0.78397817 0.80932617
 0.83813477 0.79003906 0.75537109 0.86791992 0.85864258 0.82446289
 0.81274414 0.82397461 0.84814453 0.83105469 0.86157227 0.76245117
 0.86694336 0.91088867]";80.19$\pm$3.68;"[0.80883789 0.8527832  0.81894841 0.83959961 0.77678571 0.81005859
 0.82958984 0.81982422 0.73779297 0.7980957  0.81567383 0.81835938
 0.72998047 0.78686523 0.83642578 0.76635742 0.78369141 0.75048828
 0.78417969 0.87426758]";74.37$\pm$4.7;"[0.78295898 0.73364258 0.69246032 0.71313477 0.76041667 0.75878906
 0.82104492 0.70092773 0.67626953 0.70947266 0.67675781 0.76391602
 0.66430664 0.78466797 0.79418945 0.69946289 0.7956543  0.76855469
 0.79638672 0.78173828]"
AP;82.68$\pm$3.59;"[0.80967371 0.84079128 0.79438655 0.84855708 0.81470036 0.85726554
 0.85366752 0.8264151  0.81444785 0.80534284 0.82900859 0.8381079
 0.71638799 0.86708384 0.85800549 0.77645124 0.83027272 0.81790661
 0.88288236 0.85365665]";85.7$\pm$3.83;"[0.83015485 0.8334167  0.83225923 0.88141832 0.82404952 0.90722951
 0.90974343 0.86669189 0.82085674 0.80651594 0.90419061 0.89033609
 0.79181627 0.85570404 0.83379145 0.81806616 0.84146848 0.86598111
 0.92546817 0.90006234]";71.64$\pm$4.21;"[0.65309399 0.75383501 0.79150103 0.73580804 0.73749434 0.68866585
 0.76856335 0.67712271 0.70179516 0.74307378 0.75818798 0.68807006
 0.66423501 0.72692043 0.77871629 0.69495812 0.65356381 0.65539054
 0.73002267 0.72713692]";82.07$\pm$4.29;"[0.79597447 0.82106822 0.84213761 0.82194257 0.83447302 0.85581341
 0.83378609 0.72850038 0.74394838 0.83514224 0.87873103 0.83163402
 0.73377248 0.80273344 0.80485699 0.82605682 0.82508036 0.84262344
 0.89824768 0.85747514]";71.64$\pm$4.21;"[0.65309399 0.75383501 0.79150103 0.73580804 0.73749434 0.68866585
 0.76856335 0.67712271 0.70179516 0.74307378 0.75818798 0.68807006
 0.66423501 0.72692043 0.77871629 0.69495812 0.65356381 0.65539054
 0.73002267 0.72713692]";74.49$\pm$7.08;"[0.74303641 0.78239316 0.78792725 0.85343851 0.59372337 0.77364227
 0.6706571  0.68083266 0.7026183  0.81240863 0.73421499 0.65190772
 0.64496358 0.68983997 0.82705087 0.80769525 0.77684624 0.72737193
 0.79938119 0.83841774]";77.37$\pm$4.8;"[0.69395917 0.77121086 0.77656065 0.77836244 0.74614981 0.86677328
 0.80163115 0.77225928 0.71817207 0.73208148 0.80078858 0.78891183
 0.72970572 0.73291594 0.86657859 0.70145197 0.75840602 0.78186797
 0.82290275 0.83310601]";83.54$\pm$4.29;"[0.86884417 0.84224045 0.8992978  0.83453201 0.75096752 0.87540585
 0.8431144  0.77946872 0.77651475 0.84256879 0.89866338 0.83982455
 0.77174987 0.81008076 0.82065393 0.82442668 0.82333777 0.82623063
 0.90941699 0.87137903]";82.31$\pm$4.46;"[0.88830526 0.82715124 0.8471841  0.87568074 0.807348   0.78134376
 0.87079695 0.80521505 0.76018598 0.86605743 0.83348535 0.79101156
 0.81295529 0.80636209 0.77456063 0.80527607 0.71489959 0.84378699
 0.87579241 0.87520075]";71.64$\pm$4.21;"[0.65309399 0.75383501 0.79150103 0.73580804 0.73749434 0.68866585
 0.76856335 0.67712271 0.70179516 0.74307378 0.75818798 0.68807006
 0.66423501 0.72692043 0.77871629 0.69495812 0.65356381 0.65539054
 0.73002267 0.72713692]";85.59$\pm$3.48;"[0.83468258 0.87936537 0.84714488 0.8527429  0.82961342 0.8831248
 0.86230331 0.88413853 0.79390217 0.79750843 0.88218901 0.89068063
 0.79317224 0.84383451 0.85446343 0.84775356 0.84620736 0.86248177
 0.92329951 0.90946191]";73.29$\pm$4.57;"[0.76194725 0.76010776 0.72701135 0.78247874 0.78894733 0.70187565
 0.7663835  0.67184261 0.67622401 0.78490131 0.68237843 0.77468562
 0.69079841 0.7450205  0.68802987 0.78871855 0.63101539 0.73760331
 0.76689155 0.73086643]";85.51$\pm$3.97;"[0.88647528 0.88573795 0.91179074 0.87531275 0.8576107  0.89849722
 0.85347559 0.84090703 0.77075333 0.85850315 0.87280653 0.86560598
 0.77006239 0.82749646 0.8523901  0.80614431 0.82764012 0.83401902
 0.90774816 0.89994088]";86.93$\pm$4.08;"[0.90481423 0.91274697 0.92699565 0.91112138 0.84953297 0.87511492
 0.89843495 0.83706363 0.8294032  0.84402395 0.91000692 0.82838539
 0.79231987 0.85548429 0.8391394  0.8002468  0.85218128 0.88399414
 0.93060768 0.90355586]";79.33$\pm$4.34;"[0.75883731 0.80569145 0.83570307 0.78047887 0.740303   0.84073155
 0.81277305 0.79379221 0.80281657 0.80082877 0.79242924 0.78020751
 0.75608306 0.76856738 0.83531172 0.67092045 0.78366022 0.7818063
 0.86831485 0.85714524]";75.88$\pm$8.18;"[0.8074957  0.44144345 0.75767047 0.84930772 0.75913863 0.73860445
 0.82130382 0.78100415 0.73049446 0.80031555 0.76815694 0.75964739
 0.76646453 0.81252356 0.70010281 0.76865668 0.71212156 0.81590787
 0.81231511 0.77291381]";85.35$\pm$3.43;"[0.87106852 0.8861568  0.91924758 0.90081582 0.86159509 0.82955398
 0.8687153  0.79889972 0.79764756 0.82951674 0.88556484 0.83824264
 0.84007903 0.85607622 0.82771683 0.81901532 0.82403859 0.8402368
 0.91421539 0.86111916]";83.55$\pm$4.49;"[0.88101708 0.80054851 0.89181271 0.87717338 0.79778484 0.87094021
 0.866574   0.85189593 0.72194865 0.85224848 0.87198123 0.80480098
 0.76609881 0.81123602 0.84770129 0.80050499 0.80349105 0.82306757
 0.889165   0.87980637]";63.38$\pm$8.36;"[0.5339537  0.70162899 0.62480423 0.54266585 0.64395597 0.55554689
 0.74203708 0.63719106 0.69554234 0.53562497 0.49693932 0.75745396
 0.55443887 0.78098421 0.69932907 0.65970704 0.54572148 0.732487
 0.60034426 0.63630323]";87.0$\pm$3.28;"[0.86285799 0.88789556 0.90936197 0.87495695 0.87624599 0.88735651
 0.88927261 0.88920367 0.83824627 0.81117317 0.89812554 0.86270001
 0.79501081 0.84623169 0.87026047 0.835607   0.83912779 0.89616081
 0.92029628 0.91047021]";83.06$\pm$4.68;"[0.80771366 0.78837577 0.87205297 0.81608385 0.83214043 0.86993497
 0.80730124 0.84259563 0.83321026 0.80946419 0.87393179 0.86726413
 0.72540739 0.75337385 0.90432653 0.76523147 0.848308   0.84288432
 0.90999474 0.84245558]";84.94$\pm$4.08;"[0.86076356 0.86655435 0.93121704 0.898327   0.8612527  0.85446668
 0.8602931  0.76537376 0.81797113 0.81583909 0.90271134 0.80238008
 0.78811635 0.83453054 0.80962122 0.8492528  0.83372091 0.85472307
 0.8954321  0.88515198]";83.99$\pm$3.78;"[0.80810822 0.86829439 0.88930176 0.86789656 0.83882727 0.88213216
 0.88703939 0.84119613 0.79461918 0.8281365  0.87481568 0.8417075
 0.76444136 0.81084049 0.868756   0.75600572 0.83542333 0.82229342
 0.84063223 0.87685121]";71.57$\pm$6.63;"[0.55990028 0.68073176 0.73461393 0.7080483  0.7281886  0.77708316
 0.79482498 0.76119238 0.71356436 0.66517358 0.72230215 0.78538216
 0.6213001  0.71961426 0.82476046 0.64128157 0.73446544 0.6247279
 0.7156877  0.80188732]";80.61$\pm$4.38;"[0.76624921 0.8194464  0.75403629 0.81365829 0.79226855 0.82497428
 0.83049213 0.86971236 0.71086315 0.76311066 0.87349944 0.79259489
 0.72786028 0.85336963 0.7995798  0.79407852 0.80953786 0.82443286
 0.85433806 0.84777228]";74.12$\pm$4.88;"[0.78293502 0.73171422 0.75313822 0.71532853 0.64116059 0.78959124
 0.69089521 0.75863096 0.74508208 0.69905734 0.73085924 0.78653697
 0.65637899 0.72280881 0.83223567 0.71234222 0.77464454 0.71285777
 0.76395943 0.82312934]";81.65$\pm$4.05;"[0.83527549 0.82520053 0.8749931  0.85008854 0.73524993 0.8188083
 0.80652496 0.77450764 0.77672066 0.83953643 0.83975031 0.81972366
 0.80226969 0.76965733 0.83195324 0.76394494 0.826852   0.77215907
 0.86987738 0.89634613]";80.58$\pm$4.05;"[0.83189974 0.84133264 0.82137897 0.85301391 0.78742247 0.8334357
 0.8551091  0.81571905 0.78871183 0.8082752  0.82851979 0.807177
 0.71435147 0.75470105 0.80970989 0.76453289 0.79793547 0.72317173
 0.80903938 0.87147   ]";74.92$\pm$4.37;"[0.80376789 0.72696515 0.71945753 0.74962348 0.77228048 0.77991202
 0.77812384 0.73238053 0.63201445 0.70937512 0.68975356 0.77552058
 0.68117066 0.77642787 0.7659342  0.74557504 0.76851184 0.80107759
 0.78948295 0.78613163]"
pretrain_time;nan$\pm$nan;[];15.97$\pm$0.05;"[16.03862929 16.00576687 15.98712897 15.93505645 15.94078827 15.89909315
 15.91681314 15.94583321 15.96628261 15.9084568  15.94222879 15.93576789
 15.95211291 16.04386783 16.08114624 16.03272057 16.00672007 15.9365921
 15.95671344 15.95519614]";nan$\pm$nan;[];21.52$\pm$0.07;"[21.57699156 21.45649004 21.6245501  21.55935001 21.54784679 21.53257084
 21.49016356 21.44603515 21.4621973  21.5840261  21.49731112 21.56125164
 21.54194283 21.55309892 21.5866909  21.55587864 21.48417711 21.49600816
 21.3080287  21.46939397]";nan$\pm$nan;[];0.91$\pm$0.01;"[0.91126633 0.90843725 0.9144268  0.90857911 0.90899873 0.90709853
 0.90613317 0.90452981 0.91080141 0.9049232  0.90348291 0.90549493
 0.90506959 0.90203166 0.90111685 0.91560817 0.89823461 0.89747453
 0.89825726 0.90064788]";30.91$\pm$0.09;"[30.9359436  30.71325445 30.92477417 30.88633585 30.94243312 30.70512724
 30.84863424 30.86800003 31.01153588 30.89201665 30.767349   30.85072708
 30.90744042 30.95445657 30.94047856 30.96777058 31.00955391 30.948627
 31.08784533 30.97919059]";0.91$\pm$0.01;"[0.91234255 0.91499949 0.90367579 0.91191244 0.91352677 0.90348077
 0.90818858 0.9101398  0.90106797 0.90491056 0.90182567 0.90811515
 0.90389228 0.91919231 0.91379166 0.90420341 0.90452266 0.90299749
 0.90191174 0.90417099]";41.32$\pm$0.28;"[41.65522218 42.3520155  41.41022825 41.27092457 41.27343702 41.02723551
 41.14634156 41.20234156 41.28041506 41.69832277 41.22216225 41.18205166
 41.20363808 41.15017009 41.19489574 41.27134299 41.26381135 41.199857
 41.24137163 41.17547655]";nan$\pm$nan;[];1.1$\pm$0.01;"[1.09777594 1.10064983 1.1116848  1.0989666  1.09420061 1.10768652
 1.10742092 1.09286642 1.10275269 1.09603214 1.09160352 1.10058308
 1.11344075 1.11090851 1.10222268 1.10348368 1.1057632  1.10544133
 1.11490703 1.11361957]";1.57$\pm$0.01;"[1.57234406 1.57263088 1.56004548 1.55824971 1.56772161 1.57478571
 1.58485341 1.58843994 1.56882858 1.55852008 1.56185365 1.55625749
 1.56494856 1.55605149 1.5590601  1.5567112  1.5570395  1.55922556
 1.56366634 1.56668782]";4.5$\pm$0.02;"[4.49374557 4.52604294 4.50978422 4.48113608 4.45477557 4.4777391
 4.47557187 4.47029567 4.53101802 4.518435   4.52329516 4.53571868
 4.50516391 4.48445392 4.48187661 4.49117208 4.48700953 4.48920989
 4.52011395 4.48020077]";15.13$\pm$0.05;"[15.27417231 15.16363645 15.15404892 15.12215424 15.15113068 15.10323548
 15.21836376 15.13450265 15.12890768 15.1646409  15.09491897 15.06687307
 15.06617284 15.06678987 15.07696176 15.1517508  15.17911863 15.06623721
 15.09548664 15.18425584]";4.94$\pm$0.02;"[4.93817711 4.94549608 4.95807481 4.90895343 4.94039321 4.93737674
 4.95538878 4.936306   4.91822004 4.91226244 4.92974234 4.91461229
 4.91814208 4.92466927 4.93852878 4.95023322 4.91890574 4.94271636
 4.95855641 4.96346521]";2.12$\pm$0.01;"[2.11834955 2.11702871 2.12681532 2.12425947 2.12739515 2.11899662
 2.11953425 2.12899995 2.12902617 2.1183362  2.12521958 2.12099457
 2.1239779  2.13075566 2.1117816  2.10890102 2.12301779 2.11188602
 2.11223698 2.11446309]";1.86$\pm$0.0;"[1.8573091  1.86516166 1.8597002  1.85962272 1.86201692 1.86200428
 1.86447883 1.86464214 1.8647604  1.86594224 1.86086035 1.85770535
 1.86066461 1.85983968 1.859025   1.85848999 1.85866594 1.86129093
 1.86195588 1.86491466]";31.74$\pm$0.14;"[31.98174691 31.91213417 31.996454   31.85181308 31.84517479 31.77300978
 31.56755018 31.51137853 31.58309579 31.57401156 31.52187824 31.70282984
 31.82430696 31.71342754 31.73510051 31.73822188 31.72800803 31.74546075
 31.69887328 31.74768233]";26.74$\pm$0.22;"[26.99986672 27.01156998 26.86286998 26.78613329 26.66782451 26.66534686
 26.83324003 26.80803752 26.92626572 26.70905685 26.58757663 26.61175561
 26.71806622 26.61187983 27.03384733 27.2125721  26.43707657 26.43256378
 26.57819414 26.33133078]";31.49$\pm$0.15;"[31.6222322  31.55749106 31.94916272 31.40916348 31.52053547 31.6444037
 31.53823876 31.51766109 31.38934827 31.39028716 31.38935733 31.36153865
 31.72200537 31.36454582 31.38535857 31.41133165 31.42158842 31.41106868
 31.41574574 31.38976574]";23.81$\pm$0.05;"[23.90547514 23.83278108 23.82281613 23.79981494 23.76014233 23.80550385
 23.83931518 23.80498075 23.9095962  23.81217813 23.8293612  23.75145197
 23.7920115  23.80335832 23.80005574 23.89009213 23.76788759 23.78366017
 23.74975538 23.7276001 ]";10.01$\pm$0.06;"[ 9.96873736  9.99041367 10.00697756 10.05364084 10.13796902 10.16373396
 10.04419971 10.01622486 10.03166485  9.99180555  9.9250772   9.96217871
 10.00045967  9.98772287  9.96802568  9.9853878   9.96596098  9.9931643
 10.01393104  9.98257113]";9.77$\pm$0.02;"[9.76612043 9.77731395 9.80604982 9.83088088 9.785954   9.78692794
 9.72511125 9.76111984 9.76583815 9.75318599 9.75508904 9.74539804
 9.7556777  9.78666854 9.74052906 9.77162194 9.74499416 9.76222372
 9.79047942 9.76048946]";24.37$\pm$0.26;"[24.6749289  24.75394392 24.75321507 24.7728498  24.76365423 24.79666376
 24.38414502 24.14001417 24.13834763 24.09295988 24.1960218  24.16024065
 24.19262981 24.17250466 24.2882452  24.34028411 24.19811249 24.18018436
 24.16321921 24.1651361 ]";3.62$\pm$0.03;"[3.70001435 3.63721657 3.72091866 3.61016273 3.60395479 3.60484529
 3.62149787 3.6158731  3.60459733 3.61574149 3.60831189 3.612396
 3.64447188 3.5979259  3.59960341 3.60263586 3.59808564 3.60737586
 3.63165855 3.60847306]";23.68$\pm$0.06;"[23.75513864 23.78357053 23.77796459 23.61067319 23.61380172 23.55824661
 23.62866139 23.67883444 23.73797297 23.64732242 23.65137959 23.68092966
 23.72323751 23.72814298 23.62819767 23.60416484 23.67289615 23.66387057
 23.67341328 23.77627468]";6.29$\pm$0.09;"[6.22804761 6.18817735 6.33710885 6.2512579  6.41048241 6.19600773
 6.22825122 6.17809987 6.1920588  6.256809   6.36490202 6.33713579
 6.26093173 6.37943411 6.38572812 6.49476051 6.42160702 6.24792194
 6.2111237  6.20861077]";0.8$\pm$0.0;"[0.809479   0.80708981 0.80983567 0.80245566 0.80455804 0.80526185
 0.80414653 0.80198646 0.8094182  0.80155873 0.80251813 0.80060935
 0.8040452  0.79943514 0.80113912 0.80398703 0.80475283 0.80708933
 0.80249476 0.80155849]";28.95$\pm$0.15;"[28.97610569 28.85012865 28.94021297 28.92895913 29.30208278 29.01261353
 28.7931416  28.79677296 28.80080342 28.78208327 28.82056952 29.05372715
 29.30120468 29.13073778 29.09471297 28.92248583 28.86799717 28.85430455
 28.82228565 29.01512957]"
