metrics;baseline,enc:gcn_bgrl,pred:mlp_mean;baseline,enc:gcn_bgrl,pred:mlp;grace,enc:gcn_bgrl,pred:mlp,random_mean;grace,enc:gcn_bgrl,pred:mlp,random;leiden_prob_pred_mean;leiden_prob_pred;grace,enc:gcn_bgrl,pred:mlp,sbm_fast_mean;grace,enc:gcn_bgrl,pred:mlp,sbm_fast;infomap_prob_pred_mean;infomap_prob_pred;grace,enc:gcn_bgrl,pred:mlp,sbm_fast2_mean;grace,enc:gcn_bgrl,pred:mlp,sbm_fast2;louvain_prob_pred_mean;louvain_prob_pred;grace,enc:gcn_bgrl,pred:mlp,sbm_fast_cheat_mean;grace,enc:gcn_bgrl,pred:mlp,sbm_fast_cheat;grace,enc:gcn_bgrl,pred:mlp,sbm_fast2_cheat_mean;grace,enc:gcn_bgrl,pred:mlp,sbm_fast2_cheat;csgcl,enc:gcn_bgrl,pred:mlp,random_mean;csgcl,enc:gcn_bgrl,pred:mlp,random;csgcl,enc:gcn_bgrl,pred:mlp,sbm_fast_mean;csgcl,enc:gcn_bgrl,pred:mlp,sbm_fast;csgcl,enc:gcn_bgrl,pred:mlp,sbm_fast2_mean;csgcl,enc:gcn_bgrl,pred:mlp,sbm_fast2;csgcl,enc:gcn_bgrl,pred:mlp,sbm_fast_cheat_mean;csgcl,enc:gcn_bgrl,pred:mlp,sbm_fast_cheat;csgcl,enc:gcn_bgrl,pred:mlp,sbm_fast2_cheat_mean;csgcl,enc:gcn_bgrl,pred:mlp,sbm_fast2_cheat;bgrl,enc:gcn_bgrl,pred:mlp,random_mean;bgrl,enc:gcn_bgrl,pred:mlp,random;bgrl,enc:gcn_bgrl,pred:mlp,sbm_fast_mean;bgrl,enc:gcn_bgrl,pred:mlp,sbm_fast;bgrl,enc:gcn_bgrl,pred:mlp,sbm_fast2_mean;bgrl,enc:gcn_bgrl,pred:mlp,sbm_fast2;bgrl,enc:gcn_bgrl,pred:mlp,sbm_fast_cheat_mean;bgrl,enc:gcn_bgrl,pred:mlp,sbm_fast_cheat;bgrl,enc:gcn_bgrl,pred:mlp,sbm_fast2_cheat_mean;bgrl,enc:gcn_bgrl,pred:mlp,sbm_fast2_cheat;lgrace,enc:gcn_bgrl,pred:mlp,random_mean;lgrace,enc:gcn_bgrl,pred:mlp,random;lgrace,enc:gcn_bgrl,pred:mlp,sbm_fast_mean;lgrace,enc:gcn_bgrl,pred:mlp,sbm_fast;lgrace,enc:gcn_bgrl,pred:mlp,sbm_fast2_mean;lgrace,enc:gcn_bgrl,pred:mlp,sbm_fast2;lgrace,enc:gcn_bgrl,pred:mlp,sbm_fast_cheat_mean;lgrace,enc:gcn_bgrl,pred:mlp,sbm_fast_cheat;lgrace,enc:gcn_bgrl,pred:mlp,sbm_fast2_cheat_mean;lgrace,enc:gcn_bgrl,pred:mlp,sbm_fast2_cheat;lbgrl,enc:gcn_bgrl,pred:mlp,random_mean;lbgrl,enc:gcn_bgrl,pred:mlp,random;lbgrl,enc:gcn_bgrl,pred:mlp,sbm_fast_mean;lbgrl,enc:gcn_bgrl,pred:mlp,sbm_fast;lbgrl,enc:gcn_bgrl,pred:mlp,sbm_fast2_mean;lbgrl,enc:gcn_bgrl,pred:mlp,sbm_fast2;lbgrl,enc:gcn_bgrl,pred:mlp,sbm_fast_cheat_mean;lbgrl,enc:gcn_bgrl,pred:mlp,sbm_fast_cheat;lbgrl,enc:gcn_bgrl,pred:mlp,sbm_fast2_cheat_mean;lbgrl,enc:gcn_bgrl,pred:mlp,sbm_fast2_cheat
Hits@20;77.14$\pm$5.62;"[0.73015873 0.6984127  0.73015873 0.85714286 0.84126984 0.76190476
 0.87301587 0.74603175 0.80952381 0.76190476 0.80952381 0.79365079
 0.71428571 0.71428571 0.80952381 0.73015873 0.82539683 0.65079365
 0.77777778 0.79365079]";93.02$\pm$3.11;"[0.96825397 0.92063492 0.93650794 0.88888889 0.95238095 0.9047619
 0.92063492 1.         0.92063492 0.9047619  0.92063492 0.92063492
 0.98412698 0.93650794 0.96825397 0.88888889 0.88888889 0.92063492
 0.95238095 0.9047619 ]";68.97$\pm$5.86;"[0.73015873 0.6984127  0.68253968 0.68253968 0.6984127  0.65079365
 0.68253968 0.71428571 0.65079365 0.65079365 0.63492063 0.84126984
 0.73015873 0.74603175 0.66666667 0.63492063 0.6031746  0.61904762
 0.80952381 0.66666667]";76.11$\pm$5.67;"[0.66666667 0.71428571 0.71428571 0.76190476 0.85714286 0.65079365
 0.80952381 0.74603175 0.82539683 0.79365079 0.82539683 0.80952381
 0.76190476 0.6984127  0.76190476 0.73015873 0.80952381 0.76190476
 0.82539683 0.6984127 ]";68.97$\pm$5.86;"[0.73015873 0.6984127  0.68253968 0.68253968 0.6984127  0.65079365
 0.68253968 0.71428571 0.65079365 0.65079365 0.63492063 0.84126984
 0.73015873 0.74603175 0.66666667 0.63492063 0.6031746  0.61904762
 0.80952381 0.66666667]";45.87$\pm$18.56;"[0.20634921 0.71428571 0.85714286 0.50793651 0.46031746 0.65079365
 0.49206349 0.3015873  0.63492063 0.33333333 0.33333333 0.31746032
 0.3968254  0.22222222 0.55555556 0.42857143 0.42857143 0.19047619
 0.77777778 0.36507937]";68.97$\pm$5.86;"[0.73015873 0.6984127  0.68253968 0.68253968 0.6984127  0.65079365
 0.68253968 0.71428571 0.65079365 0.65079365 0.63492063 0.84126984
 0.73015873 0.74603175 0.66666667 0.63492063 0.6031746  0.61904762
 0.80952381 0.66666667]";88.73$\pm$4.49;"[0.92063492 0.85714286 0.85714286 0.92063492 0.84126984 0.98412698
 0.93650794 0.79365079 0.80952381 0.9047619  0.93650794 0.88888889
 0.87301587 0.85714286 0.92063492 0.92063492 0.88888889 0.9047619
 0.85714286 0.87301587]";65.71$\pm$26.58;"[0.41269841 0.25396825 0.3015873  0.19047619 0.73015873 0.73015873
 0.87301587 0.88888889 0.80952381 0.85714286 0.85714286 0.68253968
 0.84126984 0.88888889 0.17460317 0.74603175 0.82539683 0.87301587
 0.26984127 0.93650794]";94.21$\pm$3.06;"[1.         0.95238095 0.96825397 0.93650794 1.         0.95238095
 0.95238095 0.96825397 0.93650794 0.9047619  0.88888889 0.95238095
 0.9047619  0.96825397 0.9047619  0.92063492 0.9047619  0.95238095
 0.92063492 0.95238095]";94.76$\pm$2.46;"[0.96825397 0.98412698 0.93650794 0.92063492 0.96825397 0.88888889
 0.95238095 0.96825397 0.96825397 0.96825397 0.95238095 0.93650794
 0.93650794 0.96825397 0.93650794 0.93650794 0.92063492 0.9047619
 0.96825397 0.96825397]";53.73$\pm$29.3;"[0.77777778 0.84126984 0.20634921 0.3015873  0.85714286 0.3968254
 0.25396825 0.15873016 0.57142857 0.82539683 0.26984127 0.9047619
 0.92063492 0.06349206 0.74603175 0.80952381 0.87301587 0.44444444
 0.22222222 0.3015873 ]";69.92$\pm$13.95;"[0.79365079 0.79365079 0.9047619  0.49206349 0.6031746  0.85714286
 0.52380952 0.98412698 0.74603175 0.49206349 0.74603175 0.65079365
 0.66666667 0.6031746  0.47619048 0.79365079 0.6031746  0.6984127
 0.77777778 0.77777778]";93.33$\pm$3.43;"[0.9047619  0.92063492 0.87301587 0.88888889 0.92063492 0.92063492
 0.98412698 0.98412698 0.95238095 0.93650794 0.96825397 1.
 0.93650794 0.9047619  0.92063492 0.93650794 0.95238095 0.87301587
 0.93650794 0.95238095]";75.56$\pm$6.36;"[0.77777778 0.85714286 0.82539683 0.77777778 0.76190476 0.76190476
 0.71428571 0.68253968 0.63492063 0.76190476 0.79365079 0.84126984
 0.63492063 0.82539683 0.74603175 0.66666667 0.71428571 0.79365079
 0.80952381 0.73015873]";94.29$\pm$3.15;"[1.         0.93650794 0.93650794 0.96825397 0.96825397 0.9047619
 0.95238095 0.96825397 0.95238095 0.87301587 0.88888889 0.95238095
 0.92063492 1.         0.95238095 0.92063492 0.93650794 0.92063492
 0.95238095 0.95238095]";92.62$\pm$3.3;"[0.93650794 0.88888889 0.9047619  0.95238095 0.92063492 0.84126984
 0.95238095 0.93650794 0.95238095 0.85714286 0.92063492 0.93650794
 0.93650794 0.98412698 0.95238095 0.93650794 0.95238095 0.92063492
 0.9047619  0.93650794]";71.43$\pm$16.61;"[0.87301587 0.74603175 0.71428571 0.55555556 0.9047619  0.73015873
 0.34920635 0.65079365 0.73015873 0.47619048 0.88888889 0.84126984
 0.46031746 0.73015873 0.93650794 0.80952381 0.85714286 0.88888889
 0.63492063 0.50793651]";96.35$\pm$2.36;"[0.98412698 1.         0.96825397 0.95238095 0.98412698 0.9047619
 0.96825397 0.96825397 0.95238095 0.98412698 0.93650794 0.96825397
 0.96825397 1.         0.96825397 0.93650794 0.96825397 0.92063492
 0.96825397 0.96825397]";95.63$\pm$2.35;"[1.         0.93650794 0.95238095 0.96825397 0.96825397 0.92063492
 0.96825397 0.98412698 0.95238095 0.93650794 0.93650794 1.
 0.95238095 0.98412698 0.96825397 0.92063492 0.93650794 0.93650794
 0.96825397 0.93650794]";88.33$\pm$4.5;"[0.96825397 0.82539683 0.84126984 0.88888889 0.84126984 0.88888889
 0.95238095 0.85714286 0.87301587 0.88888889 0.88888889 0.88888889
 0.82539683 0.98412698 0.87301587 0.92063492 0.82539683 0.84126984
 0.9047619  0.88888889]";93.73$\pm$3.27;"[0.96825397 0.92063492 0.9047619  0.92063492 0.96825397 0.9047619
 0.95238095 0.95238095 0.93650794 0.87301587 0.92063492 0.96825397
 0.95238095 0.98412698 0.93650794 0.95238095 0.93650794 0.85714286
 0.96825397 0.96825397]";69.44$\pm$15.49;"[0.58730159 0.71428571 0.50793651 0.57142857 0.65079365 0.87301587
 0.74603175 0.77777778 0.53968254 0.61904762 0.71428571 0.26984127
 0.85714286 0.9047619  0.77777778 0.63492063 0.80952381 0.9047619
 0.82539683 0.6031746 ]";97.78$\pm$1.84;"[1.         1.         0.96825397 0.96825397 0.96825397 0.95238095
 0.96825397 0.98412698 0.96825397 0.98412698 0.95238095 1.
 1.         1.         0.96825397 0.95238095 0.96825397 0.95238095
 1.         1.        ]";89.44$\pm$5.34;"[0.88888889 0.95238095 0.85714286 0.95238095 0.87301587 0.80952381
 0.95238095 0.95238095 0.85714286 0.88888889 0.82539683 0.9047619
 0.92063492 0.9047619  0.88888889 0.92063492 0.95238095 0.92063492
 0.92063492 0.74603175]";59.68$\pm$18.15;"[0.49206349 0.6984127  0.49206349 0.80952381 0.65079365 0.41269841
 0.55555556 0.41269841 0.41269841 0.74603175 0.73015873 0.42857143
 0.6031746  0.79365079 0.6984127  0.73015873 0.28571429 0.87301587
 0.84126984 0.26984127]";91.59$\pm$3.22;"[0.95238095 0.93650794 0.88888889 0.9047619  0.92063492 0.9047619
 0.9047619  0.96825397 0.9047619  0.87301587 0.87301587 0.92063492
 0.96825397 0.96825397 0.95238095 0.88888889 0.92063492 0.87301587
 0.92063492 0.87301587]";35.48$\pm$34.95;"[0.74603175 0.06349206 0.84126984 0.04761905 0.03174603 0.19047619
 0.80952381 0.03174603 0.12698413 0.07936508 0.22222222 0.06349206
 0.07936508 0.79365079 0.87301587 0.82539683 0.85714286 0.04761905
 0.04761905 0.31746032]";93.81$\pm$2.88;"[0.93650794 0.93650794 0.95238095 0.96825397 0.96825397 0.93650794
 0.96825397 0.96825397 0.88888889 0.9047619  0.9047619  0.9047619
 1.         0.96825397 0.92063492 0.9047619  0.92063492 0.95238095
 0.92063492 0.93650794]"
Hits@50;88.41$\pm$5.45;"[0.93650794 0.85714286 0.85714286 0.87301587 0.9047619  0.92063492
 0.9047619  0.93650794 0.92063492 0.85714286 0.92063492 0.96825397
 0.77777778 0.79365079 0.92063492 0.79365079 0.95238095 0.80952381
 0.9047619  0.87301587]";98.57$\pm$1.5;"[1.         1.         1.         0.96825397 1.         1.
 0.98412698 1.         0.96825397 0.95238095 0.96825397 0.98412698
 0.98412698 1.         0.98412698 1.         0.96825397 0.96825397
 0.98412698 1.        ]";96.9$\pm$1.91;"[1.         0.96825397 0.93650794 0.96825397 0.98412698 0.93650794
 0.96825397 0.98412698 0.98412698 0.95238095 0.96825397 0.98412698
 0.96825397 1.         0.98412698 0.95238095 0.96825397 0.95238095
 0.98412698 0.93650794]";93.02$\pm$3.27;"[0.92063492 0.95238095 0.93650794 0.92063492 0.88888889 0.96825397
 0.98412698 0.93650794 0.93650794 0.95238095 0.92063492 0.92063492
 0.95238095 0.9047619  0.92063492 0.85714286 1.         0.93650794
 0.88888889 0.9047619 ]";96.9$\pm$1.91;"[1.         0.96825397 0.93650794 0.96825397 0.98412698 0.93650794
 0.96825397 0.98412698 0.98412698 0.95238095 0.96825397 0.98412698
 0.96825397 1.         0.98412698 0.95238095 0.96825397 0.95238095
 0.98412698 0.93650794]";92.38$\pm$6.71;"[0.66666667 0.95238095 0.93650794 0.95238095 0.92063492 0.96825397
 0.95238095 0.85714286 0.95238095 0.96825397 0.96825397 0.92063492
 0.95238095 0.96825397 0.96825397 0.9047619  0.92063492 0.87301587
 0.96825397 0.9047619 ]";96.9$\pm$1.91;"[1.         0.96825397 0.93650794 0.96825397 0.98412698 0.93650794
 0.96825397 0.98412698 0.98412698 0.95238095 0.96825397 0.98412698
 0.96825397 1.         0.98412698 0.95238095 0.96825397 0.95238095
 0.98412698 0.93650794]";97.06$\pm$2.32;"[0.98412698 0.98412698 0.98412698 0.92063492 0.95238095 1.
 0.96825397 0.98412698 0.95238095 0.98412698 0.96825397 0.96825397
 0.96825397 0.98412698 1.         0.98412698 0.98412698 0.96825397
 0.96825397 0.9047619 ]";95.95$\pm$10.14;"[0.98412698 0.52380952 0.95238095 0.98412698 0.95238095 1.
 1.         0.98412698 1.         0.98412698 0.95238095 0.98412698
 0.95238095 1.         0.98412698 1.         1.         1.
 0.98412698 0.96825397]";98.25$\pm$1.5;"[1.         0.98412698 0.98412698 0.98412698 1.         0.96825397
 0.96825397 1.         0.98412698 0.98412698 0.95238095 0.96825397
 0.98412698 1.         1.         0.95238095 0.98412698 0.98412698
 0.96825397 1.        ]";99.21$\pm$1.37;"[1.         1.         0.98412698 0.95238095 1.         1.
 0.98412698 1.         1.         0.98412698 1.         0.96825397
 1.         1.         1.         1.         1.         1.
 0.96825397 1.        ]";80.63$\pm$19.91;"[0.96825397 0.96825397 0.66666667 0.71428571 0.95238095 0.6031746
 0.84126984 0.73015873 0.92063492 0.95238095 0.85714286 0.98412698
 0.96825397 0.20634921 0.92063492 0.93650794 0.96825397 0.80952381
 0.6984127  0.46031746]";88.33$\pm$7.6;"[0.88888889 0.96825397 0.93650794 0.85714286 0.98412698 0.95238095
 0.92063492 1.         0.9047619  0.82539683 0.82539683 0.84126984
 0.95238095 0.71428571 0.74603175 0.85714286 0.77777778 0.88888889
 0.9047619  0.92063492]";99.05$\pm$1.17;"[1.         1.         1.         0.98412698 0.98412698 1.
 1.         1.         0.98412698 0.98412698 0.96825397 1.
 0.96825397 1.         0.98412698 1.         1.         1.
 0.96825397 0.98412698]";95.87$\pm$2.43;"[1.         0.96825397 0.95238095 0.95238095 0.96825397 0.95238095
 0.96825397 0.96825397 0.93650794 0.93650794 0.92063492 0.96825397
 0.96825397 1.         0.96825397 0.95238095 0.96825397 0.96825397
 0.96825397 0.88888889]";98.1$\pm$1.78;"[1.         0.98412698 0.98412698 1.         1.         0.95238095
 0.95238095 0.98412698 1.         0.96825397 0.95238095 0.98412698
 0.96825397 1.         1.         0.96825397 1.         0.95238095
 0.98412698 0.98412698]";97.14$\pm$1.63;"[1.         0.96825397 0.93650794 0.98412698 0.98412698 0.95238095
 0.96825397 0.98412698 0.98412698 0.96825397 0.96825397 0.96825397
 0.96825397 1.         0.98412698 0.95238095 0.96825397 0.98412698
 0.95238095 0.95238095]";90.71$\pm$9.14;"[0.98412698 0.92063492 0.95238095 0.9047619  0.95238095 0.96825397
 0.63492063 0.88888889 0.93650794 0.82539683 0.93650794 0.96825397
 0.74603175 0.88888889 1.         0.96825397 0.98412698 1.
 0.88888889 0.79365079]";99.21$\pm$1.06;"[1.         1.         1.         1.         0.98412698 0.98412698
 0.96825397 1.         1.         1.         0.98412698 1.
 1.         1.         1.         1.         0.98412698 0.98412698
 0.98412698 0.96825397]";98.65$\pm$1.53;"[1.         0.98412698 0.96825397 1.         0.98412698 0.95238095
 0.96825397 1.         0.98412698 1.         1.         1.
 0.98412698 1.         0.98412698 0.95238095 1.         0.98412698
 0.98412698 1.        ]";96.19$\pm$2.53;"[0.98412698 0.96825397 0.92063492 0.95238095 0.93650794 0.95238095
 0.96825397 0.98412698 0.96825397 0.92063492 0.95238095 0.96825397
 0.96825397 1.         1.         0.98412698 0.95238095 0.9047619
 0.98412698 0.96825397]";97.38$\pm$1.9;"[0.96825397 0.98412698 0.93650794 0.98412698 1.         0.96825397
 0.96825397 1.         0.96825397 0.95238095 0.98412698 0.98412698
 0.95238095 0.98412698 1.         0.95238095 0.98412698 0.93650794
 0.98412698 0.98412698]";91.03$\pm$10.7;"[0.84126984 0.93650794 0.82539683 0.96825397 0.9047619  1.
 0.95238095 1.         0.93650794 0.82539683 0.82539683 0.52380952
 0.98412698 0.96825397 0.98412698 0.87301587 1.         0.96825397
 0.96825397 0.92063492]";99.68$\pm$0.63;"[1.         1.         0.98412698 1.         0.98412698 1.
 1.         1.         1.         1.         1.         1.
 1.         1.         1.         0.98412698 0.98412698 1.
 1.         1.        ]";96.19$\pm$2.53;"[1.         0.98412698 0.92063492 0.96825397 0.92063492 0.93650794
 0.96825397 0.98412698 0.96825397 0.93650794 0.92063492 0.95238095
 0.98412698 0.98412698 0.95238095 0.96825397 1.         0.96825397
 0.98412698 0.93650794]";86.83$\pm$8.11;"[0.6984127  0.87301587 0.76190476 0.95238095 0.93650794 0.73015873
 0.84126984 0.93650794 0.9047619  0.92063492 0.9047619  0.84126984
 0.82539683 0.95238095 0.87301587 0.93650794 0.87301587 0.95238095
 0.93650794 0.71428571]";95.87$\pm$2.38;"[0.98412698 0.95238095 0.92063492 0.96825397 0.96825397 0.92063492
 0.95238095 0.98412698 0.96825397 0.9047619  0.95238095 0.98412698
 0.96825397 1.         0.98412698 0.95238095 0.96825397 0.93650794
 0.95238095 0.95238095]";56.19$\pm$31.05;"[0.88888889 0.25396825 0.98412698 0.14285714 0.11111111 0.49206349
 0.93650794 0.31746032 0.46031746 0.26984127 0.65079365 0.53968254
 0.34920635 0.88888889 0.98412698 0.92063492 0.96825397 0.22222222
 0.22222222 0.63492063]";98.97$\pm$1.15;"[1.         1.         0.98412698 0.98412698 1.         0.96825397
 0.98412698 0.98412698 0.96825397 0.98412698 1.         1.
 1.         1.         1.         1.         0.96825397 1.
 0.98412698 0.98412698]"
Hits@100;100.0$\pm$0.0;[1. 1. 1. 1. 1. 1. 1. 1. 1. 1. 1. 1. 1. 1. 1. 1. 1. 1. 1. 1.];100.0$\pm$0.0;[1. 1. 1. 1. 1. 1. 1. 1. 1. 1. 1. 1. 1. 1. 1. 1. 1. 1. 1. 1.];100.0$\pm$0.0;[1. 1. 1. 1. 1. 1. 1. 1. 1. 1. 1. 1. 1. 1. 1. 1. 1. 1. 1. 1.];100.0$\pm$0.0;[1. 1. 1. 1. 1. 1. 1. 1. 1. 1. 1. 1. 1. 1. 1. 1. 1. 1. 1. 1.];100.0$\pm$0.0;[1. 1. 1. 1. 1. 1. 1. 1. 1. 1. 1. 1. 1. 1. 1. 1. 1. 1. 1. 1.];100.0$\pm$0.0;[1. 1. 1. 1. 1. 1. 1. 1. 1. 1. 1. 1. 1. 1. 1. 1. 1. 1. 1. 1.];100.0$\pm$0.0;[1. 1. 1. 1. 1. 1. 1. 1. 1. 1. 1. 1. 1. 1. 1. 1. 1. 1. 1. 1.];100.0$\pm$0.0;[1. 1. 1. 1. 1. 1. 1. 1. 1. 1. 1. 1. 1. 1. 1. 1. 1. 1. 1. 1.];100.0$\pm$0.0;[1. 1. 1. 1. 1. 1. 1. 1. 1. 1. 1. 1. 1. 1. 1. 1. 1. 1. 1. 1.];100.0$\pm$0.0;[1. 1. 1. 1. 1. 1. 1. 1. 1. 1. 1. 1. 1. 1. 1. 1. 1. 1. 1. 1.];100.0$\pm$0.0;[1. 1. 1. 1. 1. 1. 1. 1. 1. 1. 1. 1. 1. 1. 1. 1. 1. 1. 1. 1.];100.0$\pm$0.0;[1. 1. 1. 1. 1. 1. 1. 1. 1. 1. 1. 1. 1. 1. 1. 1. 1. 1. 1. 1.];100.0$\pm$0.0;[1. 1. 1. 1. 1. 1. 1. 1. 1. 1. 1. 1. 1. 1. 1. 1. 1. 1. 1. 1.];100.0$\pm$0.0;[1. 1. 1. 1. 1. 1. 1. 1. 1. 1. 1. 1. 1. 1. 1. 1. 1. 1. 1. 1.];100.0$\pm$0.0;[1. 1. 1. 1. 1. 1. 1. 1. 1. 1. 1. 1. 1. 1. 1. 1. 1. 1. 1. 1.];100.0$\pm$0.0;[1. 1. 1. 1. 1. 1. 1. 1. 1. 1. 1. 1. 1. 1. 1. 1. 1. 1. 1. 1.];100.0$\pm$0.0;[1. 1. 1. 1. 1. 1. 1. 1. 1. 1. 1. 1. 1. 1. 1. 1. 1. 1. 1. 1.];100.0$\pm$0.0;[1. 1. 1. 1. 1. 1. 1. 1. 1. 1. 1. 1. 1. 1. 1. 1. 1. 1. 1. 1.];100.0$\pm$0.0;[1. 1. 1. 1. 1. 1. 1. 1. 1. 1. 1. 1. 1. 1. 1. 1. 1. 1. 1. 1.];100.0$\pm$0.0;[1. 1. 1. 1. 1. 1. 1. 1. 1. 1. 1. 1. 1. 1. 1. 1. 1. 1. 1. 1.];100.0$\pm$0.0;[1. 1. 1. 1. 1. 1. 1. 1. 1. 1. 1. 1. 1. 1. 1. 1. 1. 1. 1. 1.];100.0$\pm$0.0;[1. 1. 1. 1. 1. 1. 1. 1. 1. 1. 1. 1. 1. 1. 1. 1. 1. 1. 1. 1.];100.0$\pm$0.0;[1. 1. 1. 1. 1. 1. 1. 1. 1. 1. 1. 1. 1. 1. 1. 1. 1. 1. 1. 1.];100.0$\pm$0.0;[1. 1. 1. 1. 1. 1. 1. 1. 1. 1. 1. 1. 1. 1. 1. 1. 1. 1. 1. 1.];100.0$\pm$0.0;[1. 1. 1. 1. 1. 1. 1. 1. 1. 1. 1. 1. 1. 1. 1. 1. 1. 1. 1. 1.];100.0$\pm$0.0;[1. 1. 1. 1. 1. 1. 1. 1. 1. 1. 1. 1. 1. 1. 1. 1. 1. 1. 1. 1.];100.0$\pm$0.0;[1. 1. 1. 1. 1. 1. 1. 1. 1. 1. 1. 1. 1. 1. 1. 1. 1. 1. 1. 1.];100.0$\pm$0.0;[1. 1. 1. 1. 1. 1. 1. 1. 1. 1. 1. 1. 1. 1. 1. 1. 1. 1. 1. 1.];100.0$\pm$0.0;[1. 1. 1. 1. 1. 1. 1. 1. 1. 1. 1. 1. 1. 1. 1. 1. 1. 1. 1. 1.]
ROCAUC;79.39$\pm$5.02;"[0.76996725 0.78382464 0.7420005  0.83673469 0.86142605 0.79138322
 0.8611741  0.82086168 0.81607458 0.76921139 0.82791635 0.85815067
 0.72083648 0.71201814 0.83371126 0.73418997 0.84530108 0.69916856
 0.80549257 0.7893676 ]";92.33$\pm$1.77;"[0.94759385 0.91761149 0.93247669 0.89493575 0.9664903  0.93726379
 0.92844545 0.93575208 0.90576972 0.92139078 0.91559587 0.91358025
 0.91735954 0.94028723 0.93323255 0.89493575 0.8951877  0.92038297
 0.92743764 0.91962711]";76.83$\pm$4.12;"[0.78584026 0.7558579  0.75510204 0.76392038 0.7467876  0.75333837
 0.78206097 0.80952381 0.78357269 0.75938524 0.7228521  0.88662132
 0.75434618 0.77954145 0.78407659 0.71025447 0.73444192 0.72058453
 0.84454523 0.73393802]";79.78$\pm$3.25;"[0.71504157 0.78105316 0.78256488 0.79037541 0.83975813 0.77273873
 0.83371126 0.77273873 0.8377425  0.8185941  0.82363316 0.81431091
 0.82186949 0.77248677 0.80246914 0.76140086 0.83169564 0.77601411
 0.83698665 0.77173091]";76.83$\pm$4.12;"[0.78584026 0.7558579  0.75510204 0.76392038 0.7467876  0.75333837
 0.78206097 0.80952381 0.78357269 0.75938524 0.7228521  0.88662132
 0.75434618 0.77954145 0.78407659 0.71025447 0.73444192 0.72058453
 0.84454523 0.73393802]";64.82$\pm$9.9;"[0.38750315 0.7946586  0.76266062 0.68077601 0.63517259 0.75283447
 0.69589317 0.58201058 0.760645   0.62585034 0.65961199 0.57193248
 0.62333081 0.6079617  0.70597128 0.64298312 0.62635425 0.48727639
 0.78432855 0.57671958]";76.83$\pm$4.12;"[0.78584026 0.7558579  0.75510204 0.76392038 0.7467876  0.75333837
 0.78206097 0.80952381 0.78357269 0.75938524 0.7228521  0.88662132
 0.75434618 0.77954145 0.78407659 0.71025447 0.73444192 0.72058453
 0.84454523 0.73393802]";88.23$\pm$2.03;"[0.90526581 0.8904006  0.861678   0.88788108 0.87402368 0.90576972
 0.92668178 0.87200806 0.84656085 0.90602167 0.89669942 0.90400605
 0.8664651  0.86293777 0.88536155 0.87981859 0.87855883 0.87276392
 0.87427564 0.84807256]";74.39$\pm$16.83;"[0.64222726 0.36759889 0.54774502 0.46258503 0.78306878 0.82665659
 0.89619552 0.90778534 0.85134795 0.85462333 0.87956664 0.80297304
 0.85336357 0.87704712 0.44419249 0.7850844  0.76089695 0.83950617
 0.57142857 0.9234064 ]";92.47$\pm$2.66;"[0.96271101 0.90778534 0.93877551 0.92642983 0.97178131 0.90501386
 0.94431847 0.96220711 0.89619552 0.91257244 0.92416226 0.93852356
 0.89543966 0.95918367 0.90652557 0.89392794 0.89216427 0.93046107
 0.88133031 0.94507433]";94.08$\pm$1.7;"[0.94885362 0.94960947 0.92265054 0.91962711 0.96749811 0.92265054
 0.94885362 0.97430083 0.94104308 0.94079113 0.94910557 0.9334845
 0.91282439 0.96195515 0.92768959 0.94885362 0.9239103  0.92239859
 0.93801965 0.96145125]";62.58$\pm$22.07;"[0.79037541 0.85815067 0.39279415 0.44368859 0.86495339 0.48173343
 0.47795414 0.41395818 0.7276392  0.8185941  0.50163769 0.9281935
 0.85361552 0.13857395 0.76769967 0.81758629 0.87729907 0.52884858
 0.42831948 0.40413202]";73.3$\pm$10.55;"[0.7898715  0.81834215 0.89417989 0.6122449  0.71957672 0.81657848
 0.62509448 0.96447468 0.78785588 0.58024691 0.75510204 0.71504157
 0.72864701 0.63517259 0.54018644 0.74527589 0.5983875  0.75283447
 0.7898715  0.79087931]";92.05$\pm$2.07;"[0.90778534 0.91836735 0.89594356 0.90728143 0.9090451  0.9281935
 0.97455278 0.94583018 0.92265054 0.92290249 0.9286974  0.97253716
 0.91282439 0.90828924 0.9047619  0.90677753 0.90929705 0.909549
 0.90753338 0.91660368]";80.59$\pm$4.09;"[0.85815067 0.82590073 0.84555304 0.82413706 0.82968002 0.78911565
 0.78659612 0.76316453 0.76719577 0.79087931 0.83925422 0.87150416
 0.7654321  0.86873268 0.79113127 0.72990678 0.75409423 0.83018393
 0.83270345 0.75459814]";93.76$\pm$2.5;"[0.96623835 0.9286974  0.91887125 0.95867977 0.97329302 0.90249433
 0.95112119 0.94935752 0.94457042 0.88662132 0.91131267 0.94860166
 0.92441421 0.99143361 0.93927942 0.93172084 0.94205089 0.90098262
 0.94129504 0.94079113]";91.46$\pm$2.49;"[0.92517007 0.88359788 0.8856135  0.92139078 0.9334845  0.88838498
 0.95238095 0.91005291 0.93524817 0.87150416 0.91156463 0.93550013
 0.9047619  0.97077349 0.9191232  0.91685563 0.9239103  0.89871504
 0.87704712 0.92668178]";76.51$\pm$12.48;"[0.861678   0.78105316 0.76643991 0.68002016 0.90350214 0.78785588
 0.46636432 0.74502394 0.78407659 0.60367851 0.9090451  0.8712522
 0.55353993 0.77475435 0.92013102 0.83950617 0.85789872 0.88838498
 0.69690098 0.61048123]";94.46$\pm$1.88;"[0.95414462 0.94759385 0.94280675 0.95565634 0.95414462 0.9090451
 0.95515243 0.97556059 0.92970522 0.93474427 0.94885362 0.9664903
 0.94507433 0.98866213 0.93625598 0.94658604 0.91735954 0.92315445
 0.93096498 0.92995717]";94.92$\pm$1.86;"[0.96296296 0.90778534 0.93751575 0.95742001 0.96220711 0.91836735
 0.96951373 0.96447468 0.94179894 0.95590829 0.96346687 0.96800202
 0.93071303 0.98538675 0.95490048 0.92945326 0.94809776 0.93424036
 0.95238095 0.93953137]";86.79$\pm$3.29;"[0.90803729 0.84782061 0.83673469 0.87881078 0.86621315 0.86495339
 0.9021164  0.86545729 0.86671706 0.85588309 0.86822877 0.90073066
 0.82438901 0.92567397 0.88548753 0.88649534 0.81405896 0.79730411
 0.91307634 0.8494583 ]";93.0$\pm$2.52;"[0.92290249 0.92416226 0.8994709  0.92617788 0.95893172 0.8999748
 0.9473419  0.93852356 0.9090451  0.89090451 0.93902746 0.96598639
 0.90501386 0.97253716 0.94406652 0.94986143 0.93499622 0.87931469
 0.93751575 0.95338876]";74.32$\pm$11.11;"[0.65860418 0.76568405 0.60141093 0.7510708  0.70571932 0.85008818
 0.77777778 0.81053162 0.69866465 0.64953389 0.71453767 0.38851096
 0.82086168 0.85411943 0.84933233 0.69110607 0.85613505 0.84101789
 0.83623079 0.74351222]";96.2$\pm$1.54;"[0.97581255 0.96220711 0.9425548  0.96422273 0.97505669 0.9382716
 0.97808012 0.9712774  0.9569161  0.97178131 0.95338876 0.99017385
 0.95565634 0.9856387  0.96371882 0.94910557 0.92542202 0.96044344
 0.95792391 0.96220711]";86.5$\pm$3.36;"[0.89594356 0.8999748  0.83698665 0.90350214 0.84051398 0.80020156
 0.91307634 0.84605694 0.82942807 0.85487528 0.85285966 0.88133031
 0.87377173 0.88536155 0.82035777 0.89065256 0.87402368 0.9047619
 0.89065256 0.80599647]";68.07$\pm$11.85;"[0.57722348 0.74326027 0.61426052 0.82413706 0.70899471 0.48551272
 0.64021164 0.61602419 0.6026707  0.73595364 0.77928949 0.57142857
 0.63114135 0.82363316 0.74577979 0.78382464 0.51095994 0.88838498
 0.8324515  0.49937012]";90.61$\pm$3.24;"[0.93902746 0.88107836 0.87830688 0.91307634 0.92920131 0.85285966
 0.9138322  0.95162509 0.89795918 0.85235576 0.88334593 0.93373646
 0.92088687 0.97631645 0.9425548  0.88914084 0.89140842 0.86495339
 0.91257244 0.89795918]";44.38$\pm$30.43;"[0.75359033 0.1771227  0.87755102 0.11337868 0.0909549  0.3255228
 0.84026203 0.15469892 0.25094482 0.16150164 0.39606954 0.30763416
 0.25170068 0.81985387 0.86797682 0.84782061 0.87830688 0.16301335
 0.1579743  0.43915344]";91.71$\pm$2.66;"[0.90148652 0.92894936 0.91030486 0.92315445 0.94482237 0.91609977
 0.95137314 0.96195515 0.86016629 0.88460569 0.91030486 0.91710758
 0.95993953 0.94431847 0.88662132 0.91987906 0.88737717 0.93424036
 0.89166037 0.90728143]"
AP;84.51$\pm$3.6;"[0.80707431 0.83318167 0.81419752 0.87849905 0.90644092 0.81350166
 0.89513538 0.86858909 0.84152861 0.82147484 0.86708222 0.89191512
 0.80960006 0.80610286 0.8754388  0.8222722  0.87516152 0.76790618
 0.85414023 0.85363655]";92.7$\pm$2.01;"[0.94900115 0.92192052 0.94673017 0.90704956 0.97478751 0.95214947
 0.93844204 0.90421873 0.91146177 0.94959992 0.92991576 0.90487485
 0.90500596 0.94611378 0.93060907 0.9125917  0.91616386 0.9048082
 0.92505613 0.90975024]";76.74$\pm$4.54;"[0.73853909 0.76304438 0.74318024 0.75698537 0.73938885 0.76499812
 0.77800094 0.83050385 0.79579773 0.75739577 0.7160875  0.88856323
 0.77634034 0.75660001 0.79117503 0.68662774 0.7374971  0.75186637
 0.84793414 0.72651281]";82.82$\pm$3.0;"[0.76717962 0.79806957 0.82210806 0.83441212 0.88310206 0.79822517
 0.8540613  0.78879721 0.8652637  0.82578042 0.8483484  0.86258071
 0.82967976 0.81463776 0.81796296 0.83244052 0.85008399 0.78416032
 0.86557211 0.82095519]";76.74$\pm$4.54;"[0.73853909 0.76304438 0.74318024 0.75698537 0.73938885 0.76499812
 0.77800094 0.83050385 0.79579773 0.75739577 0.7160875  0.88856323
 0.77634034 0.75660001 0.79117503 0.68662774 0.7374971  0.75186637
 0.84793414 0.72651281]";64.97$\pm$8.86;"[0.48352517 0.83242631 0.7399776  0.66570434 0.64105988 0.73760872
 0.6861488  0.57468717 0.76759364 0.63646135 0.67776241 0.55006047
 0.57730619 0.6019994  0.67846423 0.65365578 0.60580189 0.5185279
 0.77802465 0.58643698]";76.74$\pm$4.54;"[0.73853909 0.76304438 0.74318024 0.75698537 0.73938885 0.76499812
 0.77800094 0.83050385 0.79579773 0.75739577 0.7160875  0.88856323
 0.77634034 0.75660001 0.79117503 0.68662774 0.7374971  0.75186637
 0.84793414 0.72651281]";88.7$\pm$2.94;"[0.91064635 0.89966927 0.89120093 0.91369896 0.89600836 0.86932273
 0.94034985 0.85954201 0.87597988 0.91598866 0.90411739 0.93891573
 0.84518768 0.87558997 0.86978678 0.89090566 0.82434183 0.84460374
 0.88832948 0.88609413]";74.52$\pm$15.07;"[0.6429149  0.49728797 0.54626014 0.51481795 0.79270612 0.77250652
 0.88600379 0.89788612 0.84744009 0.80852924 0.91384361 0.83818131
 0.88104933 0.88467924 0.4683431  0.7694064  0.65507298 0.76816921
 0.57538804 0.94419092]";93.2$\pm$2.96;"[0.96214766 0.89754806 0.951381   0.93468645 0.97300738 0.92006886
 0.95997321 0.95790392 0.89884163 0.93027255 0.95046341 0.95313572
 0.9038475  0.96619969 0.90998107 0.92226584 0.91294098 0.94410145
 0.84973554 0.941452  ]";94.72$\pm$1.8;"[0.95471381 0.93093108 0.93167609 0.9401031  0.96936436 0.93241769
 0.95848755 0.97773867 0.93996699 0.94582451 0.96013786 0.95152058
 0.89657397 0.96754456 0.94051084 0.96149778 0.93761369 0.93742627
 0.94355406 0.9671172 ]";66.51$\pm$17.1;"[0.78559616 0.86167227 0.48755764 0.51129949 0.88625361 0.5416307
 0.52972653 0.47419997 0.78744525 0.78688358 0.56190301 0.94357023
 0.77814136 0.38451543 0.76919812 0.78024157 0.89338266 0.52215494
 0.47244747 0.54465574]";75.15$\pm$9.89;"[0.79795382 0.82313913 0.92065043 0.68166226 0.735059   0.78113854
 0.60335078 0.94967251 0.80210432 0.6101394  0.81218579 0.7737715
 0.74068099 0.71294898 0.59896461 0.7528897  0.57147289 0.73366556
 0.80715549 0.82238445]";92.03$\pm$2.17;"[0.91660405 0.91268535 0.90197347 0.92416974 0.9059658  0.92711364
 0.97780073 0.91334923 0.90597186 0.93459017 0.94105861 0.97133445
 0.92111309 0.91509185 0.90433388 0.90928904 0.8839249  0.91869453
 0.91332524 0.90750512]";82.85$\pm$4.24;"[0.87639897 0.81837466 0.84505133 0.85443207 0.84094363 0.81329799
 0.80089789 0.71585379 0.81040471 0.83836416 0.87886318 0.90305516
 0.80698185 0.89395005 0.83386555 0.76998724 0.79464324 0.84315294
 0.8298211  0.80202419]";94.66$\pm$2.04;"[0.96503044 0.93548504 0.92076237 0.95993819 0.97719693 0.93284303
 0.97139988 0.92806019 0.94620141 0.91113906 0.94134121 0.95984903
 0.93442869 0.99229377 0.94524511 0.95162087 0.94719332 0.91246148
 0.94614975 0.95427556]";92.7$\pm$2.55;"[0.92910957 0.88341521 0.91080913 0.93403385 0.95599146 0.91330607
 0.96928974 0.91359204 0.93741494 0.8900423  0.93831913 0.95173839
 0.90136484 0.97299009 0.92517234 0.93940385 0.92912869 0.91813043
 0.88006743 0.94708654]";79.95$\pm$10.94;"[0.87793503 0.83644112 0.78199546 0.74793209 0.92940479 0.77896957
 0.5472137  0.80969034 0.8198906  0.64746688 0.94181854 0.89617379
 0.57942253 0.80792564 0.92313451 0.86390617 0.84614334 0.90698368
 0.74965309 0.69739997]";94.91$\pm$1.82;"[0.95369119 0.92784701 0.94637797 0.95778718 0.9617836  0.92098548
 0.96977582 0.9787795  0.93413929 0.93710543 0.96210087 0.96681576
 0.94365303 0.99019899 0.94098613 0.95502736 0.92637051 0.93580636
 0.92817877 0.94505272]";95.56$\pm$1.7;"[0.95960176 0.90660046 0.9450429  0.95369907 0.97369931 0.94425943
 0.98135032 0.95975217 0.95043452 0.96042916 0.96996182 0.96710419
 0.93395474 0.98691884 0.96140425 0.95638369 0.95507296 0.94886683
 0.9567856  0.94093999]";86.35$\pm$3.95;"[0.89107085 0.86274877 0.87117392 0.90260192 0.87524294 0.84321919
 0.89241965 0.85408371 0.85474949 0.86686853 0.88547491 0.91680415
 0.80334901 0.90188763 0.86489674 0.87431901 0.75290794 0.79778088
 0.90810725 0.84956084]";94.34$\pm$2.12;"[0.93212793 0.92916135 0.93143787 0.94421167 0.96676388 0.92620002
 0.96068135 0.94448121 0.9146215  0.92082377 0.95747132 0.97627331
 0.9159302  0.97884079 0.95036268 0.97090872 0.94558832 0.90437774
 0.93512637 0.9622048 ]";75.04$\pm$9.13;"[0.71460078 0.81225423 0.65148752 0.77257636 0.71367003 0.83638013
 0.78868893 0.76162032 0.70272586 0.66902543 0.72430004 0.45225598
 0.77091447 0.80160452 0.8712727  0.69600544 0.86496659 0.79166202
 0.82770217 0.78383161]";96.29$\pm$1.58;"[0.97528245 0.94074075 0.94927382 0.96677177 0.98281264 0.9449808
 0.98099676 0.96263931 0.95755125 0.97252241 0.96336019 0.990782
 0.95301757 0.98719867 0.96765854 0.95811152 0.92668899 0.96722147
 0.95317936 0.95702342]";85.9$\pm$4.24;"[0.86745932 0.90353181 0.83440772 0.88773977 0.87070148 0.78635427
 0.91191297 0.77506376 0.80736883 0.88022968 0.89093729 0.88715371
 0.85328271 0.86498872 0.82234192 0.90007705 0.86838803 0.92643681
 0.84968942 0.79269388]";70.73$\pm$11.57;"[0.62472015 0.76322886 0.67993548 0.85433868 0.68366381 0.4920443
 0.71546753 0.58315916 0.60315311 0.74178477 0.82845688 0.64104797
 0.64527798 0.84294493 0.74931315 0.81192288 0.56587261 0.91581806
 0.8494263  0.55450259]";92.75$\pm$2.68;"[0.94606646 0.88480275 0.910791   0.93476797 0.94829991 0.88238033
 0.95018738 0.96483614 0.9138854  0.88868498 0.92266621 0.94900115
 0.92883134 0.98270651 0.95489412 0.92085946 0.89985843 0.90264479
 0.93226191 0.9315605 ]";54.66$\pm$23.95;"[0.79793802 0.34448684 0.90882906 0.32715799 0.3366738  0.40568889
 0.82856862 0.33875023 0.36917684 0.34334433 0.43151364 0.39726247
 0.36736524 0.87879969 0.87629159 0.88560248 0.89129162 0.34792848
 0.33749524 0.51820449]";91.39$\pm$3.36;"[0.91082268 0.92705098 0.90528894 0.92837794 0.94325659 0.93057981
 0.95914063 0.96957876 0.85592513 0.86795022 0.91611292 0.91033971
 0.95894683 0.91475438 0.85147926 0.92882194 0.89070597 0.94054304
 0.85959194 0.90884523]"
pretrain_time;nan$\pm$nan;[];3.75$\pm$0.01;"[3.75899029 3.76453996 3.7452395  3.74378014 3.7489922  3.72118592
 3.75331235 3.74260163 3.74919724 3.76164079 3.72562838 3.73529816
 3.73923087 3.74731946 3.74867868 3.73063278 3.73083043 3.74802971
 3.76770139 3.76677346]";nan$\pm$nan;[];26.9$\pm$0.8;"[26.72838616 27.15737367 27.28373456 26.70893312 26.6011107  30.139889
 26.53188252 26.30033851 27.33410478 26.60094023 26.29064536 27.2513814
 26.85058284 26.39515018 26.69284344 26.45045471 26.76060534 26.658005
 26.67444372 26.64342666]";nan$\pm$nan;[];37.79$\pm$0.42;"[37.63664746 37.53348494 37.56530046 37.5415709  39.12047935 37.56490421
 37.70112276 37.69088244 37.64209127 37.58338881 37.55537653 37.4296782
 37.6081121  37.65451264 37.80962133 38.44276285 37.6485703  38.41522717
 38.32276297 37.41495252]";nan$\pm$nan;[];5.19$\pm$0.05;"[5.18240619 5.26864886 5.14744401 5.16418338 5.16415834 5.16716528
 5.25412869 5.15030837 5.18328118 5.13519239 5.33402324 5.15415478
 5.15644622 5.22873282 5.15864968 5.22304821 5.14965606 5.17885303
 5.17128301 5.15674686]";9.2$\pm$0.1;"[9.23813272 9.54020643 9.1573844  9.14025903 9.18740201 9.19229245
 9.2978909  9.19475746 9.12192607 9.22102237 9.18600583 9.16621828
 9.20119548 9.17152643 9.20821023 9.13026643 9.13374901 9.32407522
 9.19939494 9.040658  ]";41.15$\pm$0.14;"[41.03317499 41.13308334 41.06340194 41.45121837 41.1063869  41.1024909
 40.91856503 41.1585958  41.15070248 41.0021112  41.12247801 41.02793813
 40.9521513  41.20433402 41.20966935 41.15001655 41.13082957 41.45261645
 41.2673595  41.3740921 ]";37.64$\pm$0.4;"[37.42975235 37.49827838 37.64890528 37.80989432 37.34171724 37.56168652
 37.55723166 37.5001967  37.64310551 38.04236937 37.59280801 37.281739
 37.34714794 39.13628459 37.6012249  37.29948688 37.3915832  37.42861319
 38.04287672 37.64824772]";8.2$\pm$0.52;"[9.85325432 9.43094158 8.57402921 8.56309462 8.12983155 7.94670677
 7.97122788 7.92157936 7.93531322 7.945889   8.04536629 8.04520655
 7.87717438 7.93896985 7.93157172 8.042027   7.87436152 8.06448221
 7.87411404 7.94870353]";21.49$\pm$0.35;"[21.47166109 21.4297049  21.30986071 21.53944683 21.58583903 21.26235795
 21.21851778 21.46325707 21.41457796 22.92028379 21.34529233 21.42686391
 21.41264725 21.32603669 21.53824639 21.5062263  21.29874206 21.30234385
 21.66990805 21.33692431]";1.14$\pm$0.07;"[1.11257291 1.10157084 1.1163168  1.12932563 1.08930039 1.08667898
 1.12567091 1.13374639 1.09265161 1.09372449 1.09571409 1.08200169
 1.14925504 1.19988847 1.16342354 1.16255665 1.1126523  1.07893801
 1.40044451 1.18766427]";54.69$\pm$0.21;"[54.50845551 54.54119349 54.40621972 54.52106857 54.57302332 54.69892788
 54.67287374 54.61299205 54.81788778 54.78498936 54.73820901 54.8664515
 54.84406924 55.08408022 55.10940957 54.96429515 54.62349033 54.35795045
 54.41559863 54.6331532 ]";5.27$\pm$0.05;"[5.32565904 5.28467989 5.28765965 5.22030807 5.25210738 5.23955226
 5.2465682  5.22998714 5.20994949 5.26114035 5.31780124 5.24923229
 5.23337412 5.4329648  5.26327276 5.2610178  5.24891496 5.26534653
 5.28574204 5.24433374]";6.0$\pm$0.1;"[6.0363574  6.03110123 6.02401018 5.9988606  6.31564403 6.20641947
 6.07923675 5.95509768 5.9640615  5.9700141  5.9981246  5.92281795
 5.93655825 5.9074142  5.90469193 5.93311071 5.96624589 5.93255758
 5.94574285 5.89532781]";6.04$\pm$0.04;"[5.98534083 5.97673345 5.96982598 6.05328798 6.02848148 6.03665137
 5.973207   6.06016779 6.04902148 6.09255171 6.08260679 6.05930018
 6.07896304 6.05372524 6.04724455 6.05778289 6.03168726 6.11484647
 6.08419752 6.06405544]";11.02$\pm$0.02;"[11.02395082 10.99136162 11.00373936 11.03703165 11.00455189 11.02306485
 10.99654245 11.01693082 11.06933641 11.02569962 11.01919413 11.01496172
 10.99536705 11.02207708 11.03861809 11.06760335 11.02819014 11.00031924
 10.989434   11.04530954]";2.32$\pm$0.05;"[2.33578992 2.30824661 2.30588222 2.30920386 2.31069589 2.30496931
 2.30627799 2.31140423 2.30852938 2.30395603 2.30538106 2.30679417
 2.30843782 2.30500627 2.30581617 2.30588102 2.31463695 2.30992079
 2.55920768 2.30518103]";8.57$\pm$0.04;"[8.61334658 8.62592721 8.53666878 8.6027739  8.57610035 8.56686497
 8.58146906 8.64205718 8.54624367 8.55247617 8.55885649 8.52655506
 8.57236791 8.55057788 8.50919962 8.57002378 8.5689528  8.52707291
 8.57270622 8.63861847]";51.92$\pm$0.93;"[50.82802105 50.87235069 50.96589613 50.97028661 50.7246027  51.04329562
 50.96115279 51.3946228  51.01928782 51.63257265 52.8300662  52.88930607
 52.90136766 52.49958897 52.96851349 52.68923903 52.79468536 52.75044942
 53.53782868 52.170187  ]";28.24$\pm$0.83;"[28.61773491 28.6572547  28.71204829 29.06647921 29.23684454 28.93981004
 28.98843002 27.58249617 27.44201207 27.43946576 27.38747931 27.23265243
 26.93698645 27.06335711 27.97707725 27.34076476 29.50464582 29.11493158
 28.97546268 28.48649549]";29.46$\pm$0.19;"[29.61239457 29.63452697 29.39702463 29.53274989 29.49460912 29.81603289
 29.5133183  29.52577114 29.42606902 29.09125447 29.45682669 29.19141817
 29.32783866 29.4954915  29.46124506 29.39391494 28.99906731 29.58121824
 29.6086607  29.57748079]";35.45$\pm$0.09;"[35.60978293 35.56933546 35.39842463 35.4208324  35.46538162 35.37194228
 35.34441113 35.28838134 35.49575901 35.46563005 35.4657197  35.47492957
 35.45653868 35.47342491 35.46266603 35.4234333  35.46576786 35.34274125
 35.66125369 35.35054374]";44.81$\pm$0.54;"[44.55828214 44.80026579 45.49751496 45.22512555 45.5756855  45.11951852
 45.36394143 45.21659064 44.72070837 45.4354794  45.1186676  44.86071682
 44.91111302 44.81737161 44.43737388 43.77625465 44.88629699 43.96544385
 44.09959507 43.74975348]";2.82$\pm$0.14;"[3.36452365 2.74054599 2.75808382 3.00238538 2.74692225 2.76275682
 2.83732343 2.8127377  2.80876708 2.8126626  2.7244401  2.70576429
 2.81465197 2.77597117 2.78492546 2.86411834 2.94001055 2.6971972
 2.75367236 2.78279924]";29.61$\pm$0.75;"[27.3518393  27.77741742 29.27605748 29.30987954 29.49492478 29.89849162
 29.81325006 30.38471913 29.75120592 29.89400625 29.73446941 29.74482608
 30.22132444 29.71727228 29.79495263 29.68952632 29.88487387 29.93347502
 30.65926814 29.8172977 ]";34.04$\pm$0.53;"[34.32921624 34.14739919 34.39674139 34.24370432 34.6716218  34.58986402
 34.54764295 34.44215465 34.17627358 34.50982141 34.19813251 34.25908446
 33.96717572 32.33794832 33.55561852 33.69679809 33.84203839 33.68739986
 33.58516359 33.55567002]"
