metrics;baseline_mean;baseline;bgrl_random_mean;bgrl_random;bgrl_sbm2_mean;bgrl_sbm2;lbgrl_random_mean;lbgrl_random;lbgrl_sbm2_mean;lbgrl_sbm2
Hits@10;79.19$\pm$5.37;"[0.80352645 0.73803526 0.85894207 0.77833753 0.85642317 0.85138539
 0.7279597  0.81360202 0.697733   0.79345088]";80.13$\pm$5.2;"[0.80856423 0.7279597  0.83627204 0.80604534 0.8488665  0.8790932
 0.79345088 0.83123426 0.697733   0.78337531]";49.97$\pm$7.77;"[0.44080605 0.55667506 0.6372796  0.35516373 0.49370277 0.55415617
 0.56171285 0.5138539  0.44836272 0.43576826]";73.48$\pm$6.12;"[0.80604534 0.63476071 0.73047859 0.73551637 0.75566751 0.81108312
 0.69521411 0.82367758 0.68513854 0.67002519]";30.28$\pm$5.58;"[0.21662469 0.35768262 0.35264484 0.31234257 0.3929471  0.29974811
 0.23929471 0.26700252 0.34256927 0.24685139]"
Hits@20;89.75$\pm$2.88;"[0.90176322 0.89672544 0.9093199  0.84382872 0.91939547 0.92695214
 0.91435768 0.92443325 0.84382872 0.89420655]";88.94$\pm$2.86;"[0.89924433 0.85390428 0.9093199  0.89420655 0.90680101 0.92443325
 0.88664987 0.92443325 0.85642317 0.83879093]";66.27$\pm$7.66;"[0.56171285 0.76322418 0.71788413 0.58690176 0.70025189 0.69521411
 0.73047859 0.73299748 0.56423174 0.5743073 ]";84.41$\pm$2.86;"[0.85138539 0.81612091 0.81360202 0.81360202 0.86146096 0.88413098
 0.84634761 0.88664987 0.86146096 0.80604534]";45.74$\pm$7.79;"[0.37783375 0.53652393 0.46347607 0.42065491 0.57178841 0.39546599
 0.51889169 0.44332494 0.53148615 0.31486146]"
Hits@50;94.86$\pm$1.22;"[0.95717884 0.95465995 0.92947103 0.92695214 0.95465995 0.95717884
 0.95717884 0.95465995 0.95969773 0.93450882]";94.06$\pm$1.46;"[0.92947103 0.94710327 0.94458438 0.92947103 0.94710327 0.94962217
 0.95717884 0.96221662 0.91435768 0.92443325]";81.34$\pm$5.27;"[0.73299748 0.85642317 0.84634761 0.76322418 0.84634761 0.83123426
 0.88161209 0.86649874 0.75314861 0.75566751]";93.22$\pm$1.63;"[0.92947103 0.93198992 0.91435768 0.90176322 0.93450882 0.95214106
 0.95717884 0.94710327 0.93450882 0.91939547]";65.64$\pm$6.51;"[0.6070529  0.75314861 0.62720403 0.58690176 0.71536524 0.64735516
 0.67758186 0.72544081 0.69017632 0.53400504]"
Hits@100;96.2$\pm$0.82;"[0.9697733  0.96221662 0.94710327 0.94962217 0.96221662 0.95969773
 0.97481108 0.96473552 0.9697733  0.95969773]";96.5$\pm$0.89;"[0.96473552 0.97229219 0.96473552 0.95969773 0.94962217 0.97229219
 0.97732997 0.97481108 0.96221662 0.95214106]";90.35$\pm$2.97;"[0.87153652 0.93702771 0.91687657 0.86901763 0.9093199  0.88413098
 0.94710327 0.94206549 0.86649874 0.89168766]";96.9$\pm$0.91;"[0.97481108 0.96221662 0.96221662 0.94962217 0.96725441 0.97984887
 0.97984887 0.97481108 0.97481108 0.96473552]";80.58$\pm$3.83;"[0.79848866 0.86901763 0.7884131  0.74811083 0.83375315 0.78337531
 0.83123426 0.8186398  0.84130982 0.74559194]"
ROCAUC;96.04$\pm$0.7;"[0.96981771 0.96170269 0.95168423 0.94712872 0.96376476 0.96377745
 0.97014859 0.96123069 0.95816727 0.95619042]";96.34$\pm$0.59;"[0.964082   0.96283842 0.96609331 0.96266188 0.96072559 0.97279978
 0.97088645 0.96602041 0.95499155 0.95304658]";91.11$\pm$1.73;"[0.89486641 0.92999131 0.92070884 0.88604559 0.91582968 0.90316543
 0.93712948 0.93162736 0.89328189 0.89837707]";96.31$\pm$0.6;"[0.96440559 0.95816863 0.95611926 0.95490166 0.96538903 0.97418295
 0.97018039 0.96578505 0.96464624 0.95770813]";85.02$\pm$2.19;"[0.83413384 0.88258919 0.84280086 0.82709335 0.8719299  0.84117024
 0.86896675 0.85429865 0.86915792 0.81006919]"
AP;96.75$\pm$0.57;"[0.97437493 0.9698183  0.96555677 0.96049941 0.97426932 0.9692728
 0.97350402 0.96814669 0.95666103 0.9627793 ]";96.83$\pm$0.5;"[0.96696353 0.96855033 0.97109805 0.96934094 0.96906915 0.97799333
 0.97092908 0.96900656 0.9596088  0.96029719]";91.29$\pm$1.5;"[0.89614261 0.92654354 0.93548757 0.88868564 0.91617844 0.90941895
 0.93070404 0.92285209 0.90135335 0.90161333]";96.63$\pm$0.46;"[0.96882558 0.96219064 0.96307633 0.9611313  0.96919674 0.97554285
 0.97006219 0.96615842 0.96756102 0.95974375]";84.82$\pm$2.56;"[0.81800835 0.88254292 0.846754   0.83224621 0.8809769  0.84303703
 0.85610017 0.84931965 0.87361413 0.79949803]"
pretrain_time;nan$\pm$nan;[];0.14$\pm$0.01;"[0.16121602 0.13716722 0.13753414 0.13683534 0.13697672 0.13689542
 0.13771439 0.13692617 0.13677502 0.13714194]";0.92$\pm$0.21;"[0.81333399 0.78047347 1.35441828 0.78293967 0.78625774 1.16796184
 1.15450239 0.77513289 0.78153086 0.78165269]";0.15$\pm$0.0;"[0.15673685 0.15234947 0.15115356 0.15125799 0.15134597 0.15197563
 0.15214801 0.15293527 0.15151048 0.15154076]";1.12$\pm$0.28;"[1.48187542 1.67698669 0.91976309 1.08204794 1.28493214 0.93057704
 0.83382726 0.92057085 1.24864626 0.80534697]"
