metrics;baseline,enc:gcn_ncn,pred:mlp_mean;baseline,enc:gcn_ncn,pred:mlp;grace,enc:gcn_ncn,pred:mlp,random_mean;grace,enc:gcn_ncn,pred:mlp,random;grace,enc:gcn_ncn,pred:mlp,deg_mean;grace,enc:gcn_ncn,pred:mlp,deg;grace,enc:gcn_ncn,pred:mlp,evc_mean;grace,enc:gcn_ncn,pred:mlp,evc;grace,enc:gcn_ncn,pred:mlp,pr_mean;grace,enc:gcn_ncn,pred:mlp,pr;infomap_prob_pred_mean;infomap_prob_pred;grace,enc:gcn_ncn,pred:mlp,sbm_fast2_mean;grace,enc:gcn_ncn,pred:mlp,sbm_fast2;bgrl,enc:gcn_ncn,pred:mlp,random_mean;bgrl,enc:gcn_ncn,pred:mlp,random;bgrl,enc:gcn_ncn,pred:mlp,deg_mean;bgrl,enc:gcn_ncn,pred:mlp,deg
Hits@10;25.56$\pm$4.25;"[0.26451227 0.24476361 0.28695392 0.23608618 0.24506284 0.21214841
 0.22351885 0.30550569 0.1956912  0.34141233]";18.99$\pm$5.6;"[0.10263315 0.2160383  0.15858767 0.2336924  0.12118492 0.20676242
 0.12268103 0.27498504 0.22800718 0.23429084]";23.64$\pm$3.38;"[0.24117295 0.21843208 0.26002394 0.23728306 0.18850987 0.18821065
 0.2241173  0.23937762 0.25703172 0.30939557]";28.15$\pm$4.28;"[0.2663076  0.2283064  0.32046679 0.30520646 0.24296828 0.2459605
 0.28216637 0.29503291 0.25074806 0.37791741]";20.04$\pm$8.35;"[0.18312388 0.21753441 0.21095153 0.25284261 0.18461999 0.2010772
 0.14183124 0.3043088  0.         0.30819868]";0.91$\pm$0.39;"[0.01346499 0.00598444 0.01855177 0.00568522 0.005386   0.01077199
 0.00807899 0.00658288 0.00777977 0.00867744]";20.61$\pm$3.62;"[0.18192699 0.1956912  0.25553561 0.22740874 0.1304608  0.18312388
 0.18701376 0.21843208 0.25374028 0.22800718]";21.51$\pm$4.85;"[0.21394375 0.22232196 0.27498504 0.27977259 0.21843208 0.18701376
 0.2309994  0.12896469 0.13973668 0.25463794]";19.92$\pm$3.6;"[0.20706164 0.23189707 0.22710952 0.19180132 0.11849192 0.15739078
 0.18491921 0.23818073 0.20466786 0.23040096]"
Hits@20;35.64$\pm$3.2;"[0.38210652 0.33093956 0.38569719 0.38090963 0.34859366 0.30281269
 0.34440455 0.37941352 0.31089168 0.39856373]";29.06$\pm$4.46;"[0.26929982 0.34051466 0.28037104 0.33393178 0.21514063 0.26062238
 0.23788151 0.33991622 0.28216637 0.3464991 ]";31.52$\pm$3.68;"[0.28964692 0.28485937 0.32495512 0.31807301 0.27289048 0.32076601
 0.31687612 0.30341113 0.30640335 0.4144225 ]";37.31$\pm$3.89;"[0.36295631 0.31298624 0.39497307 0.39317774 0.3572711  0.37342908
 0.37283064 0.38120886 0.3219629  0.46020347]";29.49$\pm$10.95;"[0.27318971 0.31777379 0.35487732 0.37043686 0.31089168 0.31208857
 0.23070018 0.39437463 0.         0.38479952]";2.18$\pm$0.83;"[0.03500898 0.02603232 0.03680431 0.01885099 0.01196888 0.02244165
 0.01436266 0.01196888 0.0176541  0.0230401 ]";29.26$\pm$3.8;"[0.25044883 0.30879713 0.32375823 0.334231   0.21903052 0.26122083
 0.28067026 0.29593058 0.30400958 0.34769599]";30.82$\pm$6.29;"[0.30730102 0.30071813 0.35098743 0.37522442 0.31687612 0.31897068
 0.34530221 0.15529623 0.24117295 0.36983842]";27.32$\pm$3.93;"[0.27947337 0.28874925 0.27079593 0.27498504 0.19239976 0.24177139
 0.25912627 0.32794734 0.25882705 0.33842011]"
Hits@50;51.57$\pm$3.08;"[0.502693   0.49611011 0.56971873 0.54877319 0.47905446 0.48414123
 0.48354279 0.5326152  0.51017355 0.55056852]";46.47$\pm$2.74;"[0.4374626  0.45571514 0.45601436 0.51286655 0.43626571 0.43536804
 0.4443447  0.50209455 0.47546379 0.49102334]";48.08$\pm$3.39;"[0.44853381 0.45691203 0.49640934 0.53141831 0.45332136 0.50299222
 0.47845601 0.46289647 0.43656493 0.54039497]";53.61$\pm$3.11;"[0.52962298 0.47636146 0.56732496 0.59694794 0.51376421 0.52004788
 0.53919808 0.53411131 0.52603232 0.55804907]";43.38$\pm$15.35;"[0.46798324 0.47187313 0.53859964 0.52902454 0.46140036 0.49551167
 0.34679832 0.51615799 0.         0.51077199]";5.23$\pm$1.06;"[0.06822262 0.06343507 0.06852184 0.05116697 0.04697786 0.0502693
 0.04458408 0.03620586 0.04099342 0.05266308]";44.8$\pm$2.25;"[0.43895871 0.45661281 0.44554159 0.49222023 0.42489527 0.4347696
 0.41262717 0.44195093 0.45421903 0.47845601]";44.07$\pm$6.41;"[0.45571514 0.44464393 0.46828247 0.49940156 0.43776182 0.48204668
 0.4646918  0.27378815 0.38360263 0.497307  ]";44.52$\pm$2.9;"[0.42429683 0.42519449 0.44763615 0.4727708  0.40754039 0.45152603
 0.39826451 0.48922801 0.47785757 0.45751047]"
Hits@100;64.91$\pm$1.79;"[0.63285458 0.6454219  0.67564333 0.67354877 0.663076   0.63105925
 0.6181927  0.64153202 0.65290245 0.65679234]";61.56$\pm$2.66;"[0.59724716 0.59395572 0.62238181 0.65918612 0.58707361 0.59844405
 0.57809695 0.6454219  0.63883902 0.63554758]";61.69$\pm$2.07;"[0.60831837 0.59036505 0.62417714 0.660383   0.6032316  0.61310592
 0.61879114 0.6128067  0.59275883 0.64482346]";66.39$\pm$2.71;"[0.65290245 0.61699581 0.67534411 0.70496709 0.65230401 0.660383
 0.62447636 0.66965889 0.69090365 0.69120287]";55.63$\pm$19.13;"[0.62716936 0.63405147 0.65110712 0.65200479 0.62028725 0.62447636
 0.48144823 0.6427289  0.         0.62956314]";10.39$\pm$1.52;"[0.13494913 0.10801915 0.12028725 0.09904249 0.08856972 0.11160981
 0.09395572 0.08049072 0.09545183 0.10712148]";59.27$\pm$2.67;"[0.59305805 0.58049072 0.58946738 0.62327947 0.55445841 0.58049072
 0.55505685 0.5951526  0.61131059 0.64422501]";58.83$\pm$7.12;"[0.64033513 0.62537403 0.61879114 0.64153202 0.59874327 0.59575105
 0.59694794 0.3967684  0.5299222  0.63913824]";58.97$\pm$1.85;"[0.56433273 0.5855775  0.58617594 0.61160981 0.57390784 0.57301017
 0.57031718 0.60891682 0.61430281 0.60921604]"
ROCAUC;94.16$\pm$0.39;"[0.94322141 0.9394866  0.94130906 0.94905474 0.94776303 0.93573433
 0.93987261 0.93940682 0.93924632 0.94100005]";92.72$\pm$0.4;"[0.92448422 0.92669213 0.92597687 0.93355237 0.9285318  0.91940852
 0.92387527 0.93193926 0.9312225  0.92627734]";93.71$\pm$0.16;"[0.93613734 0.9337366  0.93823717 0.93839167 0.93822155 0.93591014
 0.93713448 0.9396651  0.93608365 0.93769364]";94.09$\pm$0.23;"[0.94057772 0.93653789 0.93921033 0.94524125 0.94207462 0.93996987
 0.93939359 0.94327324 0.94193515 0.94029558]";93.21$\pm$0.53;"[0.93327147 0.93440596 0.93293824 0.93818928 0.93419662 0.93369612
 0.9213789  0.93767595 0.93196845 0.92286661]";78.36$\pm$0.43;"[0.78023998 0.78270644 0.78208571 0.78988422 0.78321486 0.78092713
 0.78145792 0.77631747 0.79033769 0.7883462 ]";93.9$\pm$0.25;"[0.93638977 0.93806552 0.93771525 0.94371996 0.94063066 0.93734937
 0.93483025 0.93958591 0.94003852 0.94183975]";92.87$\pm$0.97;"[0.93134293 0.9289828  0.93329924 0.93608048 0.92793542 0.93399028
 0.92842721 0.90263217 0.9240167  0.94021875]";93.43$\pm$0.33;"[0.93414588 0.93668526 0.9362178  0.93423209 0.9310343  0.9287097
 0.92945843 0.9379091  0.9360927  0.93863001]"
AP;94.48$\pm$0.34;"[0.94541859 0.94300041 0.94684962 0.95053753 0.94681896 0.93779869
 0.94181205 0.94492389 0.94257605 0.94785936]";93.18$\pm$0.53;"[0.92767994 0.93272244 0.93058361 0.94020468 0.92682835 0.92546585
 0.92495354 0.93875001 0.93586409 0.93523925]";93.96$\pm$0.27;"[0.93794343 0.93725107 0.94220238 0.9429756  0.93748233 0.93678294
 0.94008448 0.94034957 0.93677463 0.94452259]";94.64$\pm$0.28;"[0.94608436 0.94101284 0.94693119 0.95142686 0.94559275 0.94506487
 0.94437577 0.94903809 0.94556118 0.94930282]";93.45$\pm$0.81;"[0.93647193 0.93931496 0.93839073 0.94347728 0.93476699 0.93581386
 0.91804625 0.94397786 0.92120177 0.93306941]";73.76$\pm$0.64;"[0.74305885 0.73722735 0.74462679 0.74417583 0.73115874 0.73810535
 0.73088534 0.72429735 0.74088312 0.7415202 ]";93.64$\pm$0.39;"[0.9338501  0.93583878 0.93692727 0.94252608 0.93236216 0.93231468
 0.93124938 0.93704355 0.93961577 0.94232355]";93.17$\pm$1.37;"[0.93664997 0.93505823 0.93930755 0.94253466 0.93288347 0.93603931
 0.93494117 0.89471882 0.92091357 0.94364853]";93.31$\pm$0.45;"[0.93254312 0.93483823 0.93537514 0.93566139 0.92519968 0.92778869
 0.92715556 0.93850745 0.93497273 0.93885188]"
pretrain_time;nan$\pm$nan;[];27.17$\pm$0.08;"[27.19579959 27.20629001 27.0747714  27.11770415 27.02272487 27.12336826
 27.20816636 27.27824378 27.22484684 27.23778152]";56.15$\pm$0.24;"[55.95994449 56.2420578  56.49176264 56.47513604 56.51787114 56.03274012
 55.97214079 55.95089984 55.92684746 55.90009499]";73.89$\pm$0.15;"[73.93142319 73.72566271 73.68944001 74.12547827 74.03720331 73.75963426
 74.11367846 73.82375884 73.85862327 73.83444166]";12.0$\pm$0.01;"[12.01110411 11.97492313 11.97782516 11.99643779 12.00701928 12.01477861
 12.01323748 12.01241708 12.00925636 11.99911571]";nan$\pm$nan;[];37.29$\pm$0.18;"[36.92913795 37.51131535 37.15688109 37.28224134 37.50511837 37.14993382
 37.4866848  37.28413153 37.35719514 37.23777008]";54.39$\pm$0.06;"[54.35446858 54.40881276 54.48532557 54.48264074 54.38897014 54.36729932
 54.41052318 54.31699133 54.30411553 54.39948368]";19.66$\pm$0.1;"[19.62472415 19.80032945 19.79700637 19.66916442 19.79851866 19.6081183
 19.5962503  19.56165361 19.53464484 19.57560658]"
