metrics;baseline,enc:gcn_bgrl,pred:mlp_mean;baseline,enc:gcn_bgrl,pred:mlp;grace,enc:gcn_bgrl,pred:mlp,random_mean;grace,enc:gcn_bgrl,pred:mlp,random;grace,enc:gcn_bgrl,pred:mlp,deg_mean;grace,enc:gcn_bgrl,pred:mlp,deg;grace,enc:gcn_bgrl,pred:mlp,pr_mean;grace,enc:gcn_bgrl,pred:mlp,pr;grace,enc:gcn_bgrl,pred:mlp,evc_mean;grace,enc:gcn_bgrl,pred:mlp,evc;grace,enc:gcn_bgrl,pred:mlp,scom_mean;grace,enc:gcn_bgrl,pred:mlp,scom;leiden_prob_pred_mean;leiden_prob_pred;grace,enc:gcn_bgrl,pred:mlp,sbm_fast_mean;grace,enc:gcn_bgrl,pred:mlp,sbm_fast;infomap_prob_pred_mean;infomap_prob_pred;grace,enc:gcn_bgrl,pred:mlp,sbm_fast2_mean;grace,enc:gcn_bgrl,pred:mlp,sbm_fast2;louvain_prob_pred_mean;louvain_prob_pred;grace,enc:gcn_bgrl,pred:mlp,sbm_fast_cheat_mean;grace,enc:gcn_bgrl,pred:mlp,sbm_fast_cheat;grace,enc:gcn_bgrl,pred:mlp,sbm_fast2_cheat_mean;grace,enc:gcn_bgrl,pred:mlp,sbm_fast2_cheat;csgcl,enc:gcn_bgrl,pred:mlp,random_mean;csgcl,enc:gcn_bgrl,pred:mlp,random;csgcl,enc:gcn_bgrl,pred:mlp,deg_mean;csgcl,enc:gcn_bgrl,pred:mlp,deg;csgcl,enc:gcn_bgrl,pred:mlp,pr_mean;csgcl,enc:gcn_bgrl,pred:mlp,pr;csgcl,enc:gcn_bgrl,pred:mlp,evc_mean;csgcl,enc:gcn_bgrl,pred:mlp,evc;csgcl,enc:gcn_bgrl,pred:mlp,scom_mean;csgcl,enc:gcn_bgrl,pred:mlp,scom;csgcl,enc:gcn_bgrl,pred:mlp,sbm_fast_mean;csgcl,enc:gcn_bgrl,pred:mlp,sbm_fast;csgcl,enc:gcn_bgrl,pred:mlp,sbm_fast2_mean;csgcl,enc:gcn_bgrl,pred:mlp,sbm_fast2;csgcl,enc:gcn_bgrl,pred:mlp,sbm_fast_cheat_mean;csgcl,enc:gcn_bgrl,pred:mlp,sbm_fast_cheat;csgcl,enc:gcn_bgrl,pred:mlp,sbm_fast2_cheat_mean;csgcl,enc:gcn_bgrl,pred:mlp,sbm_fast2_cheat;bgrl,enc:gcn_bgrl,pred:mlp,random_mean;bgrl,enc:gcn_bgrl,pred:mlp,random;bgrl,enc:gcn_bgrl,pred:mlp,deg_mean;bgrl,enc:gcn_bgrl,pred:mlp,deg;bgrl,enc:gcn_bgrl,pred:mlp,pr_mean;bgrl,enc:gcn_bgrl,pred:mlp,pr;bgrl,enc:gcn_bgrl,pred:mlp,evc_mean;bgrl,enc:gcn_bgrl,pred:mlp,evc;bgrl,enc:gcn_bgrl,pred:mlp,scom_mean;bgrl,enc:gcn_bgrl,pred:mlp,scom;bgrl,enc:gcn_bgrl,pred:mlp,sbm_fast_mean;bgrl,enc:gcn_bgrl,pred:mlp,sbm_fast;bgrl,enc:gcn_bgrl,pred:mlp,sbm_fast2_mean;bgrl,enc:gcn_bgrl,pred:mlp,sbm_fast2;bgrl,enc:gcn_bgrl,pred:mlp,sbm_fast_cheat_mean;bgrl,enc:gcn_bgrl,pred:mlp,sbm_fast_cheat;bgrl,enc:gcn_bgrl,pred:mlp,sbm_fast2_cheat_mean;bgrl,enc:gcn_bgrl,pred:mlp,sbm_fast2_cheat;lgrace,enc:gcn_bgrl,pred:mlp,random_mean;lgrace,enc:gcn_bgrl,pred:mlp,random;lgrace,enc:gcn_bgrl,pred:mlp,deg_mean;lgrace,enc:gcn_bgrl,pred:mlp,deg;lgrace,enc:gcn_bgrl,pred:mlp,pr_mean;lgrace,enc:gcn_bgrl,pred:mlp,pr;lgrace,enc:gcn_bgrl,pred:mlp,evc_mean;lgrace,enc:gcn_bgrl,pred:mlp,evc;lgrace,enc:gcn_bgrl,pred:mlp,scom_mean;lgrace,enc:gcn_bgrl,pred:mlp,scom;lgrace,enc:gcn_bgrl,pred:mlp,sbm_fast_mean;lgrace,enc:gcn_bgrl,pred:mlp,sbm_fast;lgrace,enc:gcn_bgrl,pred:mlp,sbm_fast2_mean;lgrace,enc:gcn_bgrl,pred:mlp,sbm_fast2;lgrace,enc:gcn_bgrl,pred:mlp,sbm_fast_cheat_mean;lgrace,enc:gcn_bgrl,pred:mlp,sbm_fast_cheat;lgrace,enc:gcn_bgrl,pred:mlp,sbm_fast2_cheat_mean;lgrace,enc:gcn_bgrl,pred:mlp,sbm_fast2_cheat;lbgrl,enc:gcn_bgrl,pred:mlp,random_mean;lbgrl,enc:gcn_bgrl,pred:mlp,random;lbgrl,enc:gcn_bgrl,pred:mlp,deg_mean;lbgrl,enc:gcn_bgrl,pred:mlp,deg;lbgrl,enc:gcn_bgrl,pred:mlp,pr_mean;lbgrl,enc:gcn_bgrl,pred:mlp,pr;lbgrl,enc:gcn_bgrl,pred:mlp,evc_mean;lbgrl,enc:gcn_bgrl,pred:mlp,evc;lbgrl,enc:gcn_bgrl,pred:mlp,scom_mean;lbgrl,enc:gcn_bgrl,pred:mlp,scom;lbgrl,enc:gcn_bgrl,pred:mlp,sbm_fast_mean;lbgrl,enc:gcn_bgrl,pred:mlp,sbm_fast;lbgrl,enc:gcn_bgrl,pred:mlp,sbm_fast2_mean;lbgrl,enc:gcn_bgrl,pred:mlp,sbm_fast2;lbgrl,enc:gcn_bgrl,pred:mlp,sbm_fast_cheat_mean;lbgrl,enc:gcn_bgrl,pred:mlp,sbm_fast_cheat;lbgrl,enc:gcn_bgrl,pred:mlp,sbm_fast2_cheat_mean;lbgrl,enc:gcn_bgrl,pred:mlp,sbm_fast2_cheat
Hits@20;27.78$\pm$0.66;"[0.27693475 0.27389985 0.27465857 0.26707132 0.28528073 0.28224583
 0.27996965 0.28603945 0.284522   0.26783005]";24.84$\pm$1.48;"[0.26327769 0.23672231 0.25037936 0.25265554 0.26403642 0.25569044
 0.22078907 0.25569044 0.26024279 0.2245827 ]";22.34$\pm$9.28;"[0.2814871  0.03414264 0.0447648  0.26176024 0.27996965 0.27921093
 0.24658574 0.27389985 0.28224583 0.24962064]";30.62$\pm$1.05;"[0.30045524 0.29438543 0.31562974 0.30576631 0.31183612 0.30576631
 0.32018209 0.32018209 0.30197269 0.28603945]";23.51$\pm$2.13;"[0.2215478  0.2215478  0.22230653 0.24051593 0.23672231 0.20561457
 0.26783005 0.27617602 0.24127466 0.21775417]";31.06$\pm$1.79;"[0.33004552 0.28907436 0.31866464 0.29742033 0.31562974 0.30728376
 0.33004552 0.33915023 0.29059181 0.28831563]";31.17$\pm$1.42;"[0.32169954 0.28831563 0.32549317 0.31411229 0.30424886 0.31714719
 0.32169954 0.33308042 0.29817906 0.29286798]";29.67$\pm$1.96;"[0.30197269 0.29059181 0.323217   0.30804249 0.29135053 0.28983308
 0.30121396 0.31487102 0.29969651 0.24658574]";31.17$\pm$1.42;"[0.32169954 0.28831563 0.32549317 0.31411229 0.30424886 0.31714719
 0.32169954 0.33308042 0.29817906 0.29286798]";30.15$\pm$1.6;"[0.31107739 0.28679818 0.31259484 0.30576631 0.30576631 0.31866464
 0.30804249 0.31714719 0.27996965 0.2693475 ]";31.17$\pm$1.42;"[0.32169954 0.28831563 0.32549317 0.31411229 0.30424886 0.31714719
 0.32169954 0.33308042 0.29817906 0.29286798]";58.67$\pm$5.94;"[0.59711684 0.54400607 0.60242792 0.72685888 0.60849772 0.59408194
 0.59332322 0.52883156 0.58270106 0.48937785]";57.68$\pm$9.79;"[0.59635812 0.53110774 0.54097117 0.77314112 0.69119879 0.5
 0.62367223 0.51213961 0.58952959 0.40971168]";32.12$\pm$1.28;"[0.31942337 0.30728376 0.33383915 0.31562974 0.32549317 0.3323217
 0.33004552 0.34066768 0.30880121 0.29893778]";29.23$\pm$1.86;"[0.30500759 0.26555387 0.26100152 0.29059181 0.29514416 0.27996965
 0.31259484 0.31790592 0.31031866 0.28528073]";30.96$\pm$1.1;"[0.30576631 0.29438543 0.323217   0.30576631 0.31487102 0.31411229
 0.32094082 0.32094082 0.30804249 0.28831563]";31.46$\pm$1.7;"[0.31942337 0.31487102 0.33156297 0.31107739 0.31487102 0.32701062
 0.32776935 0.3323217  0.28072838 0.28679818]";31.3$\pm$1.41;"[0.31942337 0.30197269 0.31866464 0.30349014 0.31107739 0.32701062
 0.33459788 0.3262519  0.30121396 0.28603945]";30.46$\pm$2.39;"[0.31107739 0.29742033 0.32852807 0.30728376 0.28603945 0.30576631
 0.32776935 0.32852807 0.30880121 0.24506829]";31.0$\pm$2.94;"[0.31790592 0.29362671 0.35432473 0.29135053 0.23975721 0.323217
 0.3262519  0.33459788 0.30804249 0.31107739]";60.64$\pm$9.34;"[0.63050076 0.57359636 0.50379363 0.76251897 0.69954476 0.61836115
 0.69726859 0.46737481 0.62367223 0.48786039]";63.25$\pm$7.34;"[0.68437026 0.64188164 0.61532625 0.7723824  0.68892261 0.61608498
 0.65705615 0.48330804 0.58194234 0.58345979]";23.16$\pm$0.95;"[0.24430956 0.22003035 0.21471927 0.22913505 0.24355083 0.23444613
 0.2276176  0.23975721 0.23748103 0.22534143]";25.4$\pm$2.36;"[0.26327769 0.20789074 0.2124431  0.25796662 0.25948407 0.27769347
 0.26707132 0.27769347 0.27010622 0.24658574]";22.75$\pm$0.76;"[0.23292868 0.2276176  0.22610015 0.22382398 0.23823976 0.2185129
 0.2245827  0.2306525  0.23899848 0.21396055]";16.66$\pm$1.65;"[0.18512898 0.14491654 0.1676783  0.14719272 0.16616085 0.14415781
 0.16236722 0.19195751 0.17147193 0.18512898]";22.75$\pm$0.73;"[0.22989378 0.21623672 0.22989378 0.23292868 0.22610015 0.23444613
 0.23672231 0.23216995 0.22230653 0.21396055]";30.08$\pm$2.17;"[0.31487102 0.29286798 0.33383915 0.31790592 0.26100152 0.29969651
 0.29438543 0.32776935 0.28831563 0.27769347]";24.78$\pm$2.56;"[0.22913505 0.24203338 0.24658574 0.28224583 0.25113809 0.27693475
 0.27389985 0.26100152 0.21168437 0.20333839]";60.04$\pm$8.83;"[0.66388467 0.6737481  0.63808801 0.72382398 0.61456753 0.47875569
 0.68057663 0.47268589 0.57283763 0.48482549]";63.61$\pm$10.01;"[0.68892261 0.67602428 0.61153263 0.76479514 0.73975721 0.64112291
 0.64036419 0.57056146 0.64415781 0.38391502]";27.75$\pm$1.45;"[0.27389985 0.25113809 0.27769347 0.26403642 0.28983308 0.29135053
 0.27617602 0.30424886 0.28072838 0.26555387]";29.52$\pm$2.01;"[0.31183612 0.25417299 0.26555387 0.30045524 0.30045524 0.323217
 0.28983308 0.31183612 0.30121396 0.29362671]";23.0$\pm$1.32;"[0.22989378 0.22913505 0.24355083 0.21927162 0.22230653 0.25189681
 0.2124431  0.23823976 0.24279211 0.21092564]";26.18$\pm$0.79;"[0.27010622 0.25493171 0.26024279 0.25417299 0.26479514 0.26858877
 0.26707132 0.27465857 0.25265554 0.25113809]";22.25$\pm$1.74;"[0.24051593 0.19347496 0.24810319 0.21092564 0.22534143 0.22306525
 0.22382398 0.23823976 0.2276176  0.19423369]";29.6$\pm$1.57;"[0.31411229 0.28528073 0.30880121 0.2784522  0.2814871  0.30045524
 0.30728376 0.31866464 0.29514416 0.27010622]";29.65$\pm$1.47;"[0.31942337 0.2784522  0.28072838 0.284522   0.29135053 0.29893778
 0.31638847 0.31638847 0.29059181 0.28831563]";78.45$\pm$2.26;"[0.82094082 0.78528073 0.7693475  0.79286798 0.80045524 0.76251897
 0.81487102 0.7875569  0.76479514 0.74658574]";68.42$\pm$3.82;"[0.75417299 0.71396055 0.72078907 0.64871017 0.69423369 0.65705615
 0.70561457 0.67754173 0.63277693 0.63732929]";20.1$\pm$1.28;"[0.20789074 0.176783   0.18664643 0.18740516 0.20637329 0.21775417
 0.21623672 0.20789074 0.20409712 0.19878604]";21.34$\pm$1.53;"[0.20106222 0.19650986 0.22534143 0.20182094 0.19802731 0.22837633
 0.21016692 0.23899848 0.23216995 0.20106222]";15.55$\pm$0.77;"[0.16312595 0.14946889 0.15781487 0.15933232 0.16843703 0.1585736
 0.15022762 0.14188164 0.15933232 0.14719272]";24.68$\pm$0.95;"[0.24886191 0.23823976 0.24279211 0.24203338 0.26403642 0.24203338
 0.23520486 0.26327769 0.25113809 0.24051593]";15.86$\pm$1.03;"[0.14567527 0.15705615 0.15326252 0.14339909 0.16995448 0.14946889
 0.16691958 0.17223065 0.15705615 0.17147193]";31.15$\pm$1.47;"[0.31411229 0.28983308 0.33156297 0.32549317 0.29969651 0.31183612
 0.30880121 0.33004552 0.31638847 0.2875569 ]";28.87$\pm$2.02;"[0.28679818 0.28072838 0.31562974 0.30576631 0.29135053 0.2784522
 0.30500759 0.30197269 0.2814871  0.23975721]";49.7$\pm$8.56;"[0.59028832 0.47799697 0.47723824 0.60091047 0.64112291 0.47268589
 0.4969651  0.38088012 0.46661608 0.36570561]";51.72$\pm$5.05;"[0.56752656 0.56676783 0.51138088 0.60318665 0.53034901 0.54324734
 0.46358118 0.46509863 0.47116844 0.44992413]"
Hits@50;30.37$\pm$0.86;"[0.30500759 0.29286798 0.30576631 0.29210926 0.30349014 0.32245827
 0.30955994 0.30424886 0.30728376 0.29438543]";32.15$\pm$1.25;"[0.33687405 0.30349014 0.32701062 0.31942337 0.3262519  0.31942337
 0.31942337 0.33763278 0.3292868  0.29666161]";27.02$\pm$9.75;"[0.31487102 0.07511381 0.07663126 0.31638847 0.32018209 0.33080425
 0.31183612 0.3262519  0.32776935 0.30197269]";33.45$\pm$1.24;"[0.32397572 0.3262519  0.3353566  0.34901366 0.33459788 0.34446131
 0.35280728 0.33763278 0.33308042 0.30804249]";31.93$\pm$1.33;"[0.30197269 0.29893778 0.3292868  0.32397572 0.32473445 0.3414264
 0.3292868  0.32018209 0.32169954 0.30197269]";36.15$\pm$1.51;"[0.36722307 0.3353566  0.37177542 0.35735964 0.36722307 0.37481032
 0.37253414 0.38239757 0.34446131 0.34218513]";33.47$\pm$1.4;"[0.3383915  0.31335357 0.35660091 0.3414264  0.32473445 0.33763278
 0.34749621 0.34749621 0.3262519  0.31335357]";32.61$\pm$1.17;"[0.31790592 0.31562974 0.34673748 0.3323217  0.31562974 0.34066768
 0.32776935 0.33611533 0.31562974 0.31259484]";33.47$\pm$1.4;"[0.3383915  0.31335357 0.35660091 0.3414264  0.32473445 0.33763278
 0.34749621 0.34749621 0.3262519  0.31335357]";33.87$\pm$1.68;"[0.34673748 0.31183612 0.35204856 0.35356601 0.33459788 0.36494689
 0.34370258 0.34370258 0.31714719 0.31866464]";33.47$\pm$1.4;"[0.3383915  0.31335357 0.35660091 0.3414264  0.32473445 0.33763278
 0.34749621 0.34749621 0.3262519  0.31335357]";95.49$\pm$1.25;"[0.96282246 0.95371775 0.96358118 0.96130501 0.97647951 0.93474962
 0.9552352  0.9552352  0.95295903 0.93247344]";96.46$\pm$1.87;"[0.97799697 0.95827011 0.97951442 0.97647951 0.98103187 0.97040971
 0.96661608 0.96433991 0.95675266 0.91426404]";35.08$\pm$1.32;"[0.34218513 0.33156297 0.37025797 0.36039454 0.35128983 0.36115326
 0.35660091 0.36267071 0.34370258 0.32852807]";33.47$\pm$2.17;"[0.34066768 0.29969651 0.30045524 0.3353566  0.3383915  0.34370258
 0.35887709 0.37101669 0.33990895 0.31942337]";34.41$\pm$1.0;"[0.34066768 0.33915023 0.35128983 0.35053111 0.33763278 0.34825493
 0.35735964 0.34749621 0.34901366 0.31942337]";35.12$\pm$1.39;"[0.34749621 0.34597876 0.37481032 0.35508346 0.33459788 0.36874052
 0.35963581 0.35735964 0.3292868  0.33915023]";34.58$\pm$1.1;"[0.34597876 0.32473445 0.35432473 0.34901366 0.33459788 0.36267071
 0.35204856 0.35204856 0.34977238 0.3323217 ]";35.14$\pm$1.83;"[0.34597876 0.32473445 0.37784522 0.35356601 0.3292868  0.35660091
 0.35660091 0.3801214  0.35963581 0.33004552]";36.22$\pm$1.6;"[0.35660091 0.3383915  0.3831563  0.35660091 0.34370258 0.37329287
 0.37784522 0.38163885 0.36798179 0.34294385]";96.35$\pm$0.88;"[0.97116844 0.96358118 0.96965099 0.97420334 0.97268589 0.95751138
 0.96282246 0.95295903 0.96509863 0.94537178]";96.63$\pm$0.96;"[0.97875569 0.96509863 0.96965099 0.97799697 0.97572079 0.9552352
 0.97116844 0.95978756 0.96130501 0.94840668]";25.67$\pm$0.74;"[0.26251897 0.24658574 0.24051593 0.25872534 0.26555387 0.25720789
 0.25948407 0.26403642 0.25493171 0.25720789]";28.92$\pm$2.63;"[0.29286798 0.23975721 0.23899848 0.29893778 0.29286798 0.31638847
 0.31183612 0.30652504 0.30652504 0.2875569 ]";26.05$\pm$1.12;"[0.27389985 0.26251897 0.24962064 0.24203338 0.26631259 0.25872534
 0.25796662 0.26100152 0.28224583 0.25037936]";21.4$\pm$1.2;"[0.22382398 0.2124431  0.20713202 0.19271624 0.20485584 0.19878604
 0.22230653 0.2276176  0.2276176  0.22306525]";25.86$\pm$1.07;"[0.25341426 0.24203338 0.25720789 0.26858877 0.26100152 0.26403642
 0.27010622 0.2754173  0.25037936 0.24355083]";35.34$\pm$1.33;"[0.35508346 0.3353566  0.37556904 0.35280728 0.35280728 0.36874052
 0.36418816 0.35356601 0.34597876 0.33004552]";31.18$\pm$1.64;"[0.29286798 0.30045524 0.31335357 0.3292868  0.30424886 0.33004552
 0.33990895 0.30424886 0.31638847 0.28679818]";94.77$\pm$2.28;"[0.96433991 0.95447648 0.95295903 0.95675266 0.97040971 0.95978756
 0.94992413 0.88467375 0.9370258  0.94688923]";96.52$\pm$0.81;"[0.97496206 0.96813354 0.97192716 0.97192716 0.97116844 0.9522003
 0.96813354 0.9522003  0.96509863 0.95599393]";30.58$\pm$1.81;"[0.30273141 0.26783005 0.30955994 0.29742033 0.31411229 0.31942337
 0.29817906 0.34066768 0.31411229 0.29438543]";33.7$\pm$2.51;"[0.35508346 0.29362671 0.29059181 0.35508346 0.34370258 0.35660091
 0.323217   0.35280728 0.36418816 0.3353566 ]";29.5$\pm$1.19;"[0.29969651 0.284522   0.31183612 0.30728376 0.29590288 0.30424886
 0.27314112 0.29969651 0.29514416 0.2784522 ]";28.83$\pm$0.89;"[0.28831563 0.2875569  0.27617602 0.28376328 0.29742033 0.30197269
 0.28603945 0.30121396 0.28528073 0.2754173 ]";27.67$\pm$1.68;"[0.27996965 0.25796662 0.30576631 0.29135053 0.26858877 0.27617602
 0.28603945 0.29059181 0.26327769 0.24734446]";33.45$\pm$1.08;"[0.34066768 0.32473445 0.35128983 0.3353566  0.32549317 0.34294385
 0.34066768 0.34294385 0.32776935 0.31335357]";35.08$\pm$1.91;"[0.37101669 0.30804249 0.3353566  0.35584219 0.3323217  0.36191199
 0.37177542 0.36267071 0.34749621 0.36115326]";84.39$\pm$1.4;"[0.84522003 0.83459788 0.83915023 0.84825493 0.84294385 0.84370258
 0.87708649 0.84522003 0.84522003 0.81714719]";80.4$\pm$1.88;"[0.83915023 0.80500759 0.81183612 0.79742033 0.80652504 0.823217
 0.81487102 0.77996965 0.7875569  0.77465857]";23.66$\pm$0.95;"[0.23975721 0.215478   0.22837633 0.23444613 0.23975721 0.24279211
 0.24962064 0.24810319 0.23520486 0.23292868]";27.76$\pm$2.46;"[0.27314112 0.22230653 0.25265554 0.27996965 0.28224583 0.29969651
 0.2814871  0.31942337 0.284522   0.28072838]";19.58$\pm$1.23;"[0.21623672 0.18057663 0.18361153 0.20864947 0.21092564 0.19954476
 0.18664643 0.18057663 0.19575114 0.19499241]";27.54$\pm$0.92;"[0.28376328 0.27010622 0.27314112 0.27314112 0.29210926 0.26555387
 0.2754173  0.28907436 0.26631259 0.26555387]";20.4$\pm$0.92;"[0.22230653 0.20182094 0.215478   0.20864947 0.20182094 0.19499241
 0.20485584 0.20409712 0.18892261 0.19726859]";34.94$\pm$1.37;"[0.35053111 0.33459788 0.35128983 0.36418816 0.32776935 0.36494689
 0.36646434 0.35508346 0.34977238 0.3292868 ]";33.11$\pm$1.47;"[0.33687405 0.30804249 0.36039454 0.32852807 0.31942337 0.33080425
 0.33990895 0.34597876 0.3262519  0.31487102]";90.04$\pm$2.32;"[0.92261002 0.90819423 0.91274659 0.92336874 0.93095599 0.86267071
 0.91198786 0.87253414 0.87860395 0.8801214 ]";93.47$\pm$1.71;"[0.95068285 0.93474962 0.94840668 0.94764795 0.94840668 0.92033384
 0.9491654  0.93474962 0.91350531 0.89908953]"
Hits@100;33.0$\pm$0.88;"[0.33004552 0.31562974 0.33459788 0.32701062 0.3262519  0.34749621
 0.33763278 0.3323217  0.33156297 0.31790592]";39.07$\pm$1.12;"[0.40440061 0.37253414 0.40212443 0.40364188 0.39681335 0.38239757
 0.37784522 0.39605463 0.392261   0.37860395]";33.72$\pm$10.47;"[0.36949924 0.1198786  0.13960546 0.38391502 0.39074355 0.41426404
 0.38770865 0.392261   0.40743551 0.36646434]";37.72$\pm$1.45;"[0.36342944 0.37253414 0.37329287 0.40440061 0.3831563  0.38467375
 0.38543247 0.38543247 0.37177542 0.34749621]";37.25$\pm$1.88;"[0.36039454 0.33990895 0.40743551 0.37784522 0.37481032 0.38088012
 0.39757208 0.36646434 0.35735964 0.36191199]";40.96$\pm$1.65;"[0.41198786 0.39074355 0.40819423 0.40971168 0.41426404 0.42943854
 0.42716237 0.43095599 0.39605463 0.37784522]";36.24$\pm$1.23;"[0.36722307 0.3383915  0.38239757 0.36722307 0.35963581 0.36342944
 0.37405159 0.36949924 0.35584219 0.34673748]";36.27$\pm$1.49;"[0.36039454 0.36039454 0.3952959  0.35735964 0.34066768 0.3801214
 0.37025797 0.35811836 0.34825493 0.35660091]";36.24$\pm$1.23;"[0.36722307 0.3383915  0.38239757 0.36722307 0.35963581 0.36342944
 0.37405159 0.36949924 0.35584219 0.34673748]";38.22$\pm$1.67;"[0.38391502 0.36115326 0.38088012 0.39150228 0.39150228 0.40288316
 0.39377845 0.40136571 0.36191199 0.35356601]";36.24$\pm$1.23;"[0.36722307 0.3383915  0.38239757 0.36722307 0.35963581 0.36342944
 0.37405159 0.36949924 0.35584219 0.34673748]";97.81$\pm$0.3;"[0.97951442 0.97951442 0.98027314 0.97723824 0.98254932 0.97875569
 0.97799697 0.97951442 0.97496206 0.97116844]";98.37$\pm$0.3;"[0.98254932 0.98330804 0.98861912 0.98103187 0.98710167 0.98179059
 0.98634294 0.98406677 0.97799697 0.98406677]";38.41$\pm$1.7;"[0.38543247 0.36949924 0.41274659 0.39150228 0.39301973 0.39984825
 0.37405159 0.39301973 0.37101669 0.35053111]";38.06$\pm$2.74;"[0.3861912  0.33308042 0.33080425 0.40212443 0.37556904 0.39301973
 0.39908953 0.41729894 0.39757208 0.37101669]";38.86$\pm$1.62;"[0.39150228 0.37860395 0.40440061 0.41122914 0.38391502 0.392261
 0.39605463 0.39453718 0.38543247 0.34825493]";39.01$\pm$1.11;"[0.38694992 0.39074355 0.41426404 0.38770865 0.38163885 0.40288316
 0.3892261  0.3952959  0.37556904 0.37708649]";37.99$\pm$1.46;"[0.38467375 0.34673748 0.392261   0.39074355 0.37481032 0.39453718
 0.39074355 0.38239757 0.38163885 0.36039454]";39.45$\pm$1.83;"[0.3892261  0.36570561 0.42336874 0.40060698 0.38163885 0.39301973
 0.3952959  0.42412747 0.40060698 0.37101669]";39.48$\pm$1.86;"[0.38467375 0.3801214  0.41729894 0.37632777 0.37405159 0.41805766
 0.40591806 0.41805766 0.40288316 0.37025797]";97.68$\pm$0.35;"[0.98254932 0.97647951 0.97723824 0.97647951 0.98103187 0.97875569
 0.97192716 0.97268589 0.97192716 0.97875569]";98.03$\pm$0.43;"[0.98710167 0.97799697 0.98103187 0.98634294 0.98179059 0.97496206
 0.98254932 0.98103187 0.97799697 0.97268589]";28.72$\pm$1.07;"[0.28831563 0.27465857 0.26403642 0.29135053 0.29438543 0.28983308
 0.29969651 0.29438543 0.2784522  0.29666161]";32.95$\pm$2.95;"[0.33687405 0.26707132 0.2784522  0.35356601 0.34825493 0.35508346
 0.34977238 0.3353566  0.3414264  0.3292868 ]";29.98$\pm$1.28;"[0.30804249 0.29817906 0.28679818 0.30273141 0.29438543 0.31487102
 0.29210926 0.30121396 0.323217   0.27693475]";26.81$\pm$1.15;"[0.28224583 0.27465857 0.27465857 0.27162367 0.25341426 0.25644917
 0.26631259 0.2693475  0.284522   0.24810319]";29.01$\pm$0.85;"[0.28983308 0.27769347 0.28603945 0.29362671 0.30045524 0.29286798
 0.29590288 0.30197269 0.2875569  0.27465857]";38.92$\pm$1.57;"[0.3983308  0.36722307 0.41122914 0.38088012 0.38846737 0.41047041
 0.39757208 0.39150228 0.38543247 0.36115326]";35.85$\pm$1.9;"[0.35963581 0.33915023 0.36570561 0.39074355 0.3414264  0.37708649
 0.3831563  0.34673748 0.34901366 0.3323217 ]";97.04$\pm$0.48;"[0.97723824 0.96737481 0.96358118 0.96813354 0.97799697 0.97192716
 0.96889226 0.96661608 0.96661608 0.97572079]";97.78$\pm$0.37;"[0.97951442 0.98027314 0.98330804 0.97799697 0.98254932 0.97420334
 0.97040971 0.97572079 0.97723824 0.97723824]";34.45$\pm$1.67;"[0.34218513 0.30197269 0.35053111 0.34066768 0.35584219 0.34370258
 0.35204856 0.37101669 0.34673748 0.34066768]";39.96$\pm$3.81;"[0.42412747 0.32245827 0.32852807 0.42867982 0.41805766 0.42412747
 0.3952959  0.41881639 0.42185129 0.41426404]";33.92$\pm$1.12;"[0.35053111 0.32245827 0.34673748 0.35053111 0.34825493 0.34218513
 0.32701062 0.34597876 0.33763278 0.32018209]";32.22$\pm$0.82;"[0.323217   0.31790592 0.31031866 0.3353566  0.32245827 0.32852807
 0.31942337 0.33156297 0.32549317 0.30804249]";34.64$\pm$2.44;"[0.35356601 0.3353566  0.38391502 0.39074355 0.32018209 0.35053111
 0.34066768 0.35128983 0.32776935 0.31031866]";37.02$\pm$0.88;"[0.36342944 0.36191199 0.38239757 0.37708649 0.36039454 0.37632777
 0.37936267 0.37784522 0.36570561 0.35735964]";39.5$\pm$2.23;"[0.41274659 0.35204856 0.36115326 0.41578149 0.38163885 0.41047041
 0.40591806 0.39757208 0.39150228 0.42109256]";86.61$\pm$1.2;"[0.87632777 0.85432473 0.86342944 0.86115326 0.86494689 0.86418816
 0.89074355 0.86949924 0.87253414 0.84370258]";85.02$\pm$1.4;"[0.87177542 0.84901366 0.84522003 0.84597876 0.84825493 0.87025797
 0.86570561 0.8383915  0.84066768 0.8262519 ]";27.08$\pm$0.94;"[0.27465857 0.25113809 0.27465857 0.26403642 0.27389985 0.28224583
 0.284522   0.27389985 0.26251897 0.26631259]";35.13$\pm$4.31;"[0.35887709 0.26327769 0.28072838 0.36798179 0.36949924 0.39453718
 0.35963581 0.40667678 0.34749621 0.36418816]";25.28$\pm$1.5;"[0.2784522  0.24355083 0.2215478  0.27086495 0.25265554 0.26100152
 0.24127466 0.25417299 0.25493171 0.24962064]";30.34$\pm$0.93;"[0.32094082 0.30045524 0.30424886 0.30121396 0.31031866 0.30197269
 0.29893778 0.31487102 0.29286798 0.28831563]";24.3$\pm$1.12;"[0.25569044 0.23672231 0.25113809 0.25113809 0.2306525  0.24355083
 0.25720789 0.24430956 0.21927162 0.24051593]";39.51$\pm$1.52;"[0.38694992 0.37177542 0.39453718 0.40743551 0.38998483 0.42488619
 0.41047041 0.39908953 0.38846737 0.37708649]";36.05$\pm$1.63;"[0.35887709 0.33156297 0.39074355 0.35432473 0.34901366 0.36267071
 0.37556904 0.37253414 0.36646434 0.34294385]";95.97$\pm$0.41;"[0.96206373 0.95295903 0.95295903 0.96358118 0.96358118 0.96054628
 0.96282246 0.96358118 0.9552352  0.95978756]";96.7$\pm$0.41;"[0.96585736 0.96206373 0.97192716 0.97116844 0.97192716 0.96509863
 0.97116844 0.96130501 0.96737481 0.96206373]"
ROCAUC;64.84$\pm$1.24;"[0.65651013 0.64503167 0.66801506 0.6309941  0.65422618 0.65309615
 0.65649084 0.65651848 0.63319    0.62974146]";66.52$\pm$1.0;"[0.66083941 0.66611595 0.66055503 0.68094103 0.66103801 0.67492764
 0.65194598 0.66816646 0.67815643 0.64931346]";67.02$\pm$9.46;"[0.70758449 0.47510022 0.49122573 0.7290418  0.72568654 0.72337035
 0.73236626 0.70833458 0.68374749 0.72559126]";73.46$\pm$0.93;"[0.72269798 0.73274447 0.74155011 0.75175059 0.74053723 0.72053118
 0.73466143 0.73565675 0.74121359 0.72468632]";68.82$\pm$1.09;"[0.66732571 0.68395117 0.7117713  0.68383431 0.68958405 0.68833313
 0.69603091 0.69082979 0.69059503 0.6794207 ]";70.52$\pm$1.31;"[0.6993997  0.68242682 0.70585376 0.69864097 0.70361068 0.7306928
 0.71239157 0.69174624 0.72009142 0.70764436]";66.08$\pm$0.74;"[0.65061964 0.648998   0.66262339 0.66812905 0.6585546  0.66401708
 0.65654956 0.67424145 0.6655185  0.65859835]";72.5$\pm$1.53;"[0.71447663 0.72805223 0.76317782 0.70776237 0.71139596 0.72719075
 0.73470403 0.72633272 0.71122291 0.72576627]";66.08$\pm$0.74;"[0.65061964 0.648998   0.66262339 0.66812905 0.6585546  0.66401708
 0.65654956 0.67424145 0.6655185  0.65859835]";69.87$\pm$0.67;"[0.70189779 0.69874171 0.70014202 0.69946906 0.70068602 0.69844122
 0.70926773 0.70266083 0.69377108 0.68211596]";66.08$\pm$0.74;"[0.65061964 0.648998   0.66262339 0.66812905 0.6585546  0.66401708
 0.65654956 0.67424145 0.6655185  0.65859835]";98.06$\pm$0.26;"[0.9822776  0.98215326 0.98182513 0.98458429 0.98265351 0.97882016
 0.98191666 0.97839763 0.97680271 0.97645016]";98.08$\pm$0.32;"[0.98438281 0.98002042 0.98209282 0.98262588 0.98624048 0.97831416
 0.98297588 0.97819183 0.97706022 0.97571503]";69.84$\pm$1.27;"[0.68740573 0.69884015 0.715809   0.69993391 0.70806172 0.70861666
 0.68687209 0.68746445 0.71453146 0.67634665]";66.11$\pm$3.38;"[0.66829196 0.58977079 0.60254161 0.68048222 0.66655403 0.68792354
 0.68860197 0.6864887  0.6800518  0.65985502]";71.38$\pm$1.08;"[0.70384498 0.72408072 0.72809109 0.72267351 0.71743324 0.70102969
 0.71225198 0.71321391 0.72240273 0.69306739]";71.95$\pm$1.04;"[0.71211209 0.72996746 0.73491357 0.71683944 0.72090651 0.73451463
 0.70513101 0.70701919 0.72236874 0.71107417]";66.92$\pm$0.54;"[0.66861951 0.67226347 0.67762981 0.67254957 0.660551   0.67462542
 0.66854295 0.66788727 0.67023965 0.65955568]";70.8$\pm$1.31;"[0.69597219 0.68304019 0.71184498 0.7061413  0.71272805 0.71884218
 0.70829889 0.71540575 0.73201124 0.69590139]";67.68$\pm$0.84;"[0.66788986 0.66261533 0.68762506 0.68322411 0.66707558 0.67694966
 0.68734471 0.68305947 0.67856316 0.6732136 ]";97.8$\pm$0.32;"[0.98138072 0.97638338 0.97951039 0.98044814 0.98345426 0.97702697
 0.97920241 0.97281656 0.97531233 0.97459134]";98.15$\pm$0.34;"[0.98726228 0.98064041 0.98279858 0.98517204 0.98378412 0.97837633
 0.98301906 0.98008029 0.9783409  0.97530171]";60.49$\pm$0.89;"[0.61402928 0.597118   0.5938488  0.59299969 0.6068496  0.59589816
 0.6143741  0.60745232 0.61874196 0.60718866]";69.23$\pm$3.85;"[0.69974855 0.61705382 0.61632215 0.70974899 0.71063321 0.70821024
 0.70635372 0.71761198 0.72810844 0.70945252]";63.96$\pm$1.98;"[0.63821178 0.6640663  0.62503828 0.63061819 0.6387316  0.6591435
 0.63268195 0.65173701 0.66112457 0.59497883]";63.06$\pm$0.75;"[0.62596683 0.63005807 0.63728611 0.63695741 0.63264626 0.6259864
 0.62700878 0.63318278 0.64281665 0.61421464]";63.55$\pm$0.94;"[0.63612557 0.63567195 0.64533073 0.6265848  0.65631527 0.63507614
 0.63289552 0.63561784 0.63131709 0.61957005]";71.56$\pm$1.22;"[0.72643922 0.70359053 0.70280389 0.72899229 0.71175518 0.72271582
 0.7153928  0.73477426 0.71577296 0.69420404]";67.7$\pm$1.49;"[0.65648048 0.66791029 0.67258497 0.71295141 0.66320654 0.68981431
 0.67498578 0.6821505  0.6782175  0.67217107]";97.54$\pm$0.29;"[0.98022363 0.97539151 0.97481124 0.97807785 0.9789589  0.97210303
 0.9738493  0.97041489 0.97636487 0.97381592]";98.07$\pm$0.26;"[0.98191954 0.98150161 0.98273295 0.98186946 0.98544606 0.98072101
 0.97858875 0.97960652 0.97947985 0.97541454]";66.89$\pm$1.14;"[0.64607132 0.65756676 0.68069896 0.67418964 0.67557872 0.65425496
 0.67503126 0.68169918 0.67135267 0.67293584]";74.43$\pm$6.27;"[0.77387797 0.62020558 0.61971627 0.78762714 0.7760678  0.76721236
 0.76329611 0.77408147 0.79149052 0.76935959]";64.63$\pm$0.95;"[0.64480026 0.6447329  0.64133994 0.67168665 0.6454473  0.64057028
 0.64189747 0.65216012 0.64587978 0.63445672]";63.76$\pm$0.85;"[0.63910233 0.64911601 0.62845341 0.64271578 0.6253808  0.6413526
 0.62225898 0.64144471 0.64332708 0.64267721]";73.98$\pm$1.04;"[0.74166266 0.71923248 0.74772498 0.75470202 0.74653623 0.73604475
 0.72514052 0.73995581 0.74938328 0.73800431]";66.64$\pm$0.79;"[0.65167167 0.67207119 0.67665233 0.66807954 0.66630937 0.66596052
 0.67168953 0.6596639  0.6754983  0.65618862]";66.56$\pm$3.16;"[0.67822101 0.60022601 0.60984363 0.67715661 0.6678936  0.69396658
 0.68643862 0.66596858 0.69121117 0.68515604]";93.02$\pm$0.7;"[0.93864629 0.92788886 0.930005   0.92931305 0.93560275 0.92034103
 0.94097255 0.93087857 0.93177463 0.91702722]";92.67$\pm$0.53;"[0.92841616 0.9245549  0.92461851 0.92794585 0.92639731 0.93259952
 0.9360748  0.92617222 0.9256766  0.91471651]";52.43$\pm$2.78;"[0.52104283 0.56300471 0.58953017 0.50289329 0.50235274 0.51501159
 0.52648631 0.51214939 0.50178995 0.50834425]";68.19$\pm$5.12;"[0.68257332 0.57431709 0.59082599 0.70442381 0.70932328 0.71828954
 0.69157988 0.71541352 0.72502918 0.70734962]";63.16$\pm$2.9;"[0.64814976 0.57608668 0.5746481  0.66043069 0.64908953 0.644532
 0.63737822 0.64855186 0.63206372 0.64541622]";55.25$\pm$3.19;"[0.54149099 0.60168013 0.62630186 0.53846473 0.53658864 0.54430081
 0.54602377 0.5379685  0.52360632 0.52853567]";56.2$\pm$2.04;"[0.56733227 0.54577393 0.55871141 0.57068235 0.55484122 0.59718535
 0.52891906 0.5951544  0.55511359 0.54587122]";65.8$\pm$1.43;"[0.64854322 0.64468915 0.66024935 0.64100778 0.66847473 0.68755253
 0.67630808 0.65165124 0.65275325 0.64831325]";60.54$\pm$2.54;"[0.59876152 0.57780158 0.62303209 0.59468121 0.6058963  0.62446837
 0.63280744 0.63598454 0.61161962 0.54944178]";97.4$\pm$0.32;"[0.97963818 0.97377706 0.97348462 0.97617182 0.97832941 0.97171158
 0.97554694 0.9696153  0.97106935 0.97111548]";97.54$\pm$0.33;"[0.97608346 0.97685254 0.97898452 0.97723162 0.97972281 0.97640986
 0.97624292 0.9702445  0.97102211 0.97072172]"
AP;71.38$\pm$0.9;"[0.72024422 0.7057552  0.7209229  0.70167031 0.71816231 0.7222541
 0.72121053 0.72242708 0.70634667 0.69873791]";73.4$\pm$1.03;"[0.73334443 0.73342048 0.73095386 0.74855048 0.73661537 0.73986693
 0.72100289 0.73990784 0.74449187 0.71197756]";71.49$\pm$9.17;"[0.7557999  0.52482135 0.53892183 0.76547482 0.76564842 0.76756121
 0.76639651 0.75782247 0.7486715  0.75758809]";77.14$\pm$0.77;"[0.76292687 0.77095136 0.77474685 0.78287659 0.77614663 0.76454096
 0.77612972 0.77539477 0.77521069 0.75548472]";73.86$\pm$1.04;"[0.7223398  0.72981644 0.75725092 0.73886376 0.73720092 0.74189799
 0.74955326 0.74721481 0.73649091 0.72505551]";76.35$\pm$0.89;"[0.76391858 0.74638019 0.7658836  0.755713   0.76302274 0.78136363
 0.77231326 0.76234841 0.76591244 0.75800271]";72.78$\pm$0.69;"[0.72645925 0.71584833 0.73451513 0.72617051 0.72739863 0.73082362
 0.72564716 0.74159623 0.73049075 0.71939414]";75.54$\pm$1.14;"[0.74916    0.75673396 0.78389488 0.74551183 0.74417031 0.75476939
 0.76498733 0.75902568 0.74589412 0.75027962]";72.78$\pm$0.69;"[0.72645925 0.71584833 0.73451513 0.72617051 0.72739863 0.73082362
 0.72564716 0.74159623 0.73049075 0.71939414]";75.06$\pm$0.83;"[0.75427774 0.74725764 0.752289   0.751825   0.75334106 0.7557102
 0.75861075 0.75932323 0.74338301 0.72989447]";72.78$\pm$0.69;"[0.72645925 0.71584833 0.73451513 0.72617051 0.72739863 0.73082362
 0.72564716 0.74159623 0.73049075 0.71939414]";97.46$\pm$0.37;"[0.97633503 0.97480332 0.97516514 0.98215364 0.97730749 0.97178315
 0.97648462 0.97115922 0.97217838 0.96824358]";97.46$\pm$0.64;"[0.9804758  0.9747644  0.97353767 0.98052509 0.98414577 0.96889421
 0.97859845 0.96960904 0.97398056 0.96159087]";75.5$\pm$0.91;"[0.74962213 0.75332355 0.76982918 0.75660631 0.76252368 0.76143276
 0.74934573 0.75284711 0.76023556 0.73466406]";73.47$\pm$2.34;"[0.7414588  0.68750728 0.69358881 0.74496968 0.73929707 0.74797774
 0.75726365 0.75695076 0.74857672 0.72939751]";76.07$\pm$0.88;"[0.75818353 0.76633714 0.77364635 0.76116101 0.76272015 0.7516495
 0.76395565 0.76470353 0.76451931 0.73977113]";76.2$\pm$0.74;"[0.75832952 0.76859625 0.77392394 0.76067052 0.76178405 0.77357144
 0.75579148 0.75861823 0.7587865  0.74965446]";73.88$\pm$0.61;"[0.74045222 0.73674186 0.74538517 0.74008387 0.73007114 0.7454784
 0.74130395 0.74180317 0.74098358 0.72560492]";75.67$\pm$1.1;"[0.74890898 0.7374246  0.76654626 0.75910232 0.75704237 0.7587052
 0.76029914 0.76908949 0.77076953 0.7390936 ]";74.03$\pm$0.84;"[0.73471672 0.72948273 0.75362229 0.7391881  0.73100325 0.74124475
 0.74983808 0.75031935 0.74235066 0.73087488]";97.38$\pm$0.46;"[0.97744224 0.97187437 0.97149062 0.98023451 0.97994769 0.96704147
 0.97771552 0.97026418 0.97408471 0.96745684]";97.64$\pm$0.4;"[0.98006647 0.97774791 0.97771395 0.98309874 0.98002724 0.97376999
 0.97725304 0.9710876  0.97198673 0.97078748]";67.98$\pm$0.69;"[0.68844596 0.6715355  0.66635444 0.67516646 0.68317388 0.67564406
 0.68739311 0.6851816  0.68400579 0.68080788]";73.76$\pm$2.96;"[0.74367105 0.67945626 0.679161   0.75023786 0.75113742 0.75140404
 0.75102186 0.75463933 0.76570003 0.74925628]";70.25$\pm$1.3;"[0.7035063  0.71679989 0.69492067 0.6968046  0.70072939 0.71316757
 0.69664747 0.70962241 0.72034269 0.67271634]";67.9$\pm$0.57;"[0.68392705 0.67596154 0.68015507 0.67822389 0.67737646 0.67225911
 0.67856735 0.68341265 0.69039382 0.66967189]";69.5$\pm$0.78;"[0.69563182 0.6889555  0.70061113 0.68996779 0.71094658 0.69677243
 0.69662738 0.69968813 0.68996246 0.6807137 ]";75.81$\pm$1.14;"[0.76496055 0.74718711 0.75811951 0.76598549 0.75675276 0.76439144
 0.76093287 0.774599   0.75716235 0.73058878]";72.96$\pm$1.32;"[0.7190482  0.72129062 0.72750178 0.75921557 0.71430951 0.74289984
 0.73605088 0.73499395 0.72397442 0.71717344]";97.03$\pm$0.52;"[0.97662398 0.9709028  0.97085051 0.9770225  0.97448969 0.95951457
 0.97263397 0.96520409 0.96984797 0.96552206]";97.55$\pm$0.37;"[0.97674096 0.97727257 0.9746405  0.98143955 0.97770199 0.97570567
 0.97522454 0.97412816 0.97584596 0.96603833]";72.86$\pm$0.94;"[0.71515124 0.71131102 0.73321872 0.729437   0.73461505 0.72067012
 0.73453223 0.7440315  0.73236874 0.73043053]";78.24$\pm$4.13;"[0.80371684 0.69974615 0.7016273  0.81080015 0.80233572 0.79898021
 0.79231096 0.80633092 0.81370782 0.79425592]";71.04$\pm$0.72;"[0.71153635 0.70811981 0.71057064 0.72498096 0.70956983 0.70898658
 0.70363534 0.71928991 0.70975114 0.69716975]";70.71$\pm$0.6;"[0.70936077 0.71169011 0.69615374 0.71263229 0.70152269 0.71317722
 0.69918262 0.71286915 0.71065833 0.70410754]";76.5$\pm$0.96;"[0.76995745 0.74824515 0.77882291 0.77909258 0.76648462 0.76263705
 0.75550414 0.76791069 0.76726621 0.75437238]";73.45$\pm$0.58;"[0.72548063 0.73791675 0.7414406  0.73673562 0.72876461 0.73639076
 0.7396159  0.73545097 0.73919187 0.72446792]";73.99$\pm$2.03;"[0.75317758 0.69765558 0.70402264 0.74707591 0.73762574 0.75628029
 0.75407658 0.74403422 0.75335103 0.75154703]";94.96$\pm$0.61;"[0.95707745 0.950202   0.94561585 0.9505458  0.95405931 0.94153167
 0.95769293 0.95163033 0.94984974 0.93749982]";94.47$\pm$0.45;"[0.94925535 0.94492761 0.94287912 0.94533495 0.94636919 0.94483397
 0.95170607 0.94364668 0.94393833 0.93371367]";63.55$\pm$1.16;"[0.63867877 0.64698256 0.66041974 0.62192944 0.62535827 0.63410983
 0.64335184 0.63353855 0.62368343 0.62671489]";73.66$\pm$3.97;"[0.73917224 0.65368993 0.66557249 0.75227355 0.75484356 0.7661641
 0.74394969 0.77037303 0.76615358 0.75378581]";67.74$\pm$1.91;"[0.69231438 0.64338932 0.63826759 0.69869552 0.68612601 0.68818933
 0.67998112 0.68453154 0.67835934 0.68389833]";66.1$\pm$1.4;"[0.66024588 0.67906018 0.69331521 0.65233047 0.65754451 0.65250467
 0.65658032 0.66457378 0.64598802 0.64775584]";63.21$\pm$0.99;"[0.63062168 0.62766001 0.63786988 0.63285297 0.62942314 0.64732154
 0.62494732 0.65034425 0.61901171 0.62062487]";73.45$\pm$0.93;"[0.73339332 0.72344776 0.7363135  0.73184686 0.73807037 0.75163727
 0.74474815 0.7382902  0.72903976 0.71771326]";70.1$\pm$1.72;"[0.6970394  0.67653101 0.71962391 0.69660457 0.70273214 0.70622336
 0.72019799 0.72054766 0.70451465 0.66637051]";96.53$\pm$0.58;"[0.97282405 0.96485821 0.96467676 0.96948672 0.9724099  0.96348935
 0.96994344 0.95359854 0.96350909 0.95820001]";96.81$\pm$0.46;"[0.97051662 0.97106533 0.96738886 0.97249529 0.97436975 0.9686313
 0.97170891 0.96133695 0.96038564 0.96358538]"
pretrain_time;nan$\pm$nan;[];25.7$\pm$0.05;"[25.59248805 25.63591385 25.67526054 25.71950269 25.73390985 25.74450231
 25.72124219 25.72771978 25.71583867 25.70633984]";18.43$\pm$0.01;"[18.42657566 18.43265748 18.44043946 18.43719339 18.42192721 18.42638659
 18.41917992 18.42128539 18.44685507 18.4323566 ]";43.35$\pm$0.05;"[43.31185269 43.42436171 43.43523049 43.27792001 43.30514407 43.39059782
 43.36825752 43.29979205 43.34491396 43.36402869]";12.23$\pm$0.04;"[12.20462942 12.27064776 12.26504874 12.20129991 12.19966125 12.28252506
 12.27252889 12.19085121 12.19333553 12.19339538]";31.15$\pm$0.03;"[31.11094356 31.12679958 31.14384794 31.11957836 31.16093087 31.18621898
 31.18312645 31.17141509 31.13668561 31.11455894]";nan$\pm$nan;[];30.46$\pm$0.06;"[30.48730993 30.51921296 30.4991765  30.41518211 30.3548243  30.43067431
 30.36908054 30.44788861 30.56723905 30.46409893]";nan$\pm$nan;[];8.15$\pm$0.11;"[8.1224184  8.07960463 8.09042096 8.12261462 8.12327361 8.47302866
 8.11420631 8.10932255 8.15273952 8.12449479]";nan$\pm$nan;[];16.27$\pm$0.04;"[16.3414135  16.34631085 16.27008319 16.21263599 16.2577889  16.25123024
 16.22960615 16.25641251 16.26725626 16.24141264]";11.34$\pm$0.62;"[11.98515749 11.66007352 11.51903749 11.73981357 11.76993275 11.5640645
 11.19242811 11.55810666  9.92925239 10.44077039]";37.82$\pm$0.05;"[37.8413887  37.92947268 37.88951159 37.77159429 37.77570891 37.77110291
 37.81235814 37.82461572 37.80919456 37.81388712]";39.06$\pm$0.12;"[38.87107897 39.16245818 39.32405686 39.08148718 39.05689049 39.02627492
 38.98288417 38.95931339 39.15611005 39.01806736]";34.96$\pm$0.08;"[34.96230555 35.04797173 35.01509523 34.94394064 34.9412415  35.12041235
 34.90101337 34.87288475 34.85745192 34.89889002]";16.23$\pm$0.09;"[16.12718964 16.20588613 16.47507668 16.22400284 16.22521234 16.20239615
 16.19670272 16.18787599 16.21151471 16.20056367]";27.98$\pm$0.03;"[27.99252963 27.99826837 27.96394086 27.95342278 27.88419938 27.99248934
 27.99396944 27.97421288 27.99610615 28.00271297]";6.72$\pm$0.55;"[7.85168433 6.96665883 6.95457935 6.38813281 6.50217056 6.03842568
 6.53702664 6.86767721 5.88860583 7.23804927]";26.6$\pm$0.21;"[26.40507984 26.98219728 26.92577887 26.38386726 26.48687577 26.46021748
 26.41865778 26.50558543 26.69607782 26.73341489]";1.2$\pm$0.11;"[1.15285349 1.17875123 1.17722511 1.15687609 1.15638852 1.15813231
 1.18593621 1.15405774 1.52370334 1.15489984]";1.54$\pm$0.05;"[1.51813269 1.54201293 1.53825998 1.5228188  1.5193944  1.53127527
 1.52197075 1.52438092 1.52110553 1.69822097]";29.98$\pm$0.05;"[29.93405032 30.06017971 30.0766263  30.00408387 29.97682285 29.95237517
 29.96883416 29.97085667 29.94024944 29.95703006]";29.03$\pm$0.04;"[29.05335021 29.07850003 29.04659319 29.04271007 29.06188989 29.05980611
 29.04083562 29.00639439 28.99510694 28.95577836]";27.96$\pm$0.44;"[27.72836924 27.80797863 28.86157465 28.80148768 27.72659874 27.7373755
 27.74130964 27.76689911 27.72436047 27.7228775 ]";18.22$\pm$0.38;"[17.84456682 17.8494215  17.86302757 17.82246208 17.82179022 18.57556462
 18.61886406 18.57578778 18.69395185 18.54216981]";27.37$\pm$0.02;"[27.37437582 27.37007427 27.38861465 27.38645434 27.36685753 27.41001558
 27.34906292 27.36839509 27.33737469 27.35455847]";39.19$\pm$0.62;"[39.60212636 37.88350892 40.35190558 39.12445474 38.99949217 39.61621451
 39.36267543 39.14509654 39.24363613 38.60064268]";30.04$\pm$0.87;"[30.525249   29.78826189 28.63428569 29.77671814 29.06683493 31.05947971
 31.81251144 30.01324463 29.72498989 29.95625114]";16.58$\pm$0.24;"[16.76373577 16.65060568 16.68898869 16.64840603 16.6727035  16.81596732
 16.21736932 16.07054496 16.51224303 16.78550005]";21.36$\pm$2.08;"[19.76847911 21.45338607 16.17304873 20.54340076 22.83912182 22.61476541
 23.62149954 22.41706085 23.1005764  21.03164196]";11.4$\pm$4.07;"[ 9.32395864 19.50999188 19.55699086  9.33003712  9.51729512  9.26062202
  9.28134942  9.68685579  9.2776897   9.2575922 ]";97.4$\pm$22.7;"[ 85.69503593 142.3097508  143.21900654  86.36152625  85.06980658
  86.07171488  87.93981767  86.19604945  85.42940474  85.68635011]";36.74$\pm$4.78;"[34.32162738 46.51543403 46.06931806 34.31498623 34.22516179 34.5323832
 34.24935842 34.36187959 34.34802294 34.50370216]";4.32$\pm$0.31;"[4.36633134 5.02293801 4.77151561 4.34390783 4.13029385 4.10610271
 4.11599112 4.12229204 4.10657549 4.11105967]";15.87$\pm$0.07;"[15.82382703 16.01082444 16.00410652 15.84661651 15.8600328  15.81107283
 15.83207822 15.82262826 15.81952858 15.82762408]";19.94$\pm$0.03;"[19.94669223 19.97742701 19.98845601 19.8903718  19.93242097 19.93126512
 19.94067359 19.89685798 19.91368961 19.95827293]";8.87$\pm$0.71;"[ 9.61978316 10.04884529  8.11598635  8.82377434  9.33737016  8.53949523
  7.99809361  8.22112179  9.72707558  8.29948235]";7.08$\pm$0.39;"[6.94484091 6.88198447 6.8491044  6.87127781 6.89010334 6.8633523
 6.84400105 8.02518439 7.0007906  7.67934036]";22.0$\pm$0.3;"[22.7305162  22.03853393 21.8348701  22.10624218 21.92432904 21.62300277
 21.84569311 21.98496771 22.21451759 21.6649313 ]";7.26$\pm$0.07;"[7.29844999 7.38223314 7.37405705 7.30742216 7.20774651 7.1966579
 7.20131135 7.19722342 7.19741583 7.19430947]";35.49$\pm$0.18;"[35.41363907 35.86376166 35.838588   35.40216303 35.39977717 35.38570428
 35.39567256 35.39424586 35.3959384  35.39106727]";7.92$\pm$0.06;"[7.89950085 8.04894042 8.04069376 7.90399575 7.89280844 7.89838815
 7.89013934 7.87867713 7.89417243 7.88799667]";17.8$\pm$0.06;"[17.78009009 17.92390966 17.92434382 17.76570511 17.76831985 17.7443428
 17.76691246 17.77084208 17.7633245  17.76756692]";13.11$\pm$0.17;"[12.97660494 13.3957293  13.38282084 13.2062676  12.95404959 13.17315578
 12.95037746 12.94899273 12.9489615  13.19503951]";44.64$\pm$0.52;"[44.66950178 43.76024365 44.83927774 43.91830707 45.09820008 45.40304685
 45.2100563  44.62749219 44.16125083 44.67554092]";25.75$\pm$0.9;"[26.81835151 24.73015165 27.35877728 26.38486266 24.59664154 26.00155997
 25.11424828 26.18708777 24.77496314 25.55698848]";38.76$\pm$0.41;"[38.90936422 39.70310855 38.59914041 38.58269596 38.75042248 38.55370045
 38.03868818 39.09047461 38.70971847 38.62626028]";22.88$\pm$0.41;"[22.18080282 22.6776967  23.38823438 23.27664995 22.45422626 22.9070096
 22.70351815 22.71491885 22.90396023 23.61092257]"
